date,query_text,impressions,clicks,ctr,avg_position,position_bucket,seo_segment
2026-03-13,летний лагерь,241,27,0.1120,4.34,top_10,growth_zone
2026-03-12,летний лагерь,233,25,0.1073,4.29,top_10,growth_zone
2026-03-13,детский лагерь в подмосковье на лето 2026,145,1,0.0069,10.18,below_10,low_ctr
2026-03-12,лечение онлайн зависимости от игр,131,1,0.0076,5.75,top_10,low_ctr
2026-03-13,лечение онлайн зависимости от игр,131,1,0.0076,5.75,top_10,low_ctr
2026-03-12,детский лагерь в подмосковье на лето 2026,129,0,0.0000,10.17,below_10,high_demand_zero_clicks
2026-03-13,детский лагерь на лето 2026,107,31,0.2897,2.33,top_3,other
2026-03-12,детский лагерь на лето 2026,105,31,0.2952,2.32,top_3,other
2026-03-13,летний лагерь для подростков,97,34,0.3505,2.23,top_3,other
2026-03-12,летний лагерь для подростков,94,32,0.3404,2.24,top_3,other
2026-03-13,лагерь для подростков,85,0,0.0000,6.85,top_10,high_demand_zero_clicks
2026-03-12,лагерь для подростков,84,0,0.0000,6.83,top_10,high_demand_zero_clicks
2026-03-13,зависимость от телефона у подростков,78,34,0.4359,3.60,top_10,other
2026-03-13,летние лагеря,78,0,0.0000,5.87,top_10,high_demand_zero_clicks
2026-03-12,летние лагеря,77,0,0.0000,5.84,top_10,high_demand_zero_clicks
2026-03-12,зависимость от телефона у подростков,76,34,0.4474,3.64,top_10,other
2026-03-13,лагеря в подмосковье на лето,75,0,0.0000,17.24,below_10,high_demand_zero_clicks
2026-03-13,детский летний лагерь,74,50,0.6757,1.53,top_3,other
2026-03-12,лагеря в подмосковье на лето,72,0,0.0000,17.40,below_10,high_demand_zero_clicks
2026-03-12,детский летний лагерь,71,48,0.6761,1.51,top_3,other
2026-03-13,летний детский лагерь,70,1,0.0143,2.99,top_3,low_ctr
2026-03-13,лечение зависимости от телефона у подростка,65,42,0.6462,1.46,top_3,other
2026-03-12,летний детский лагерь,65,1,0.0154,2.75,top_3,low_ctr
2026-03-12,лечение зависимости от телефона у подростка,62,41,0.6613,1.31,top_3,other
2026-03-13,детский лагерь,60,0,0.0000,9.53,top_10,high_demand_zero_clicks
2026-03-12,детский лагерь,59,0,0.0000,9.22,top_10,high_demand_zero_clicks
2026-03-13,куда деть ребенка летом работающим родителям,55,36,0.6545,1.98,top_3,other
2026-03-13,как бороться с зависимостью от компьютерных игр,54,42,0.7778,1.13,top_3,other
2026-03-12,как бороться с зависимостью от компьютерных игр,51,39,0.7647,1.14,top_3,other
2026-03-13,лечение телефонной зависимости у подростков,50,0,0.0000,4.48,top_10,high_demand_zero_clicks
2026-03-12,лечение телефонной зависимости у подростков,50,0,0.0000,4.48,top_10,high_demand_zero_clicks
2026-03-12,куда деть ребенка летом работающим родителям,50,31,0.6200,2.08,top_3,other
2026-03-12,игровая зависимость от компьютерных игр лечение v-gotlib.ru,48,0,0.0000,3.90,top_10,low_ctr
2026-03-13,игровая зависимость от компьютерных игр лечение v-gotlib.ru,48,0,0.0000,3.90,top_10,low_ctr
2026-03-13,детский лагерь подмосковье лето 2026,47,29,0.6170,3.49,top_10,other
2026-03-12,зависимости от телефона у подростков лечение,46,0,0.0000,3.67,top_10,low_ctr
2026-03-13,лагерь майнкрафт,46,44,0.9565,1.11,top_3,other
2026-03-13,зависимости от телефона у подростков лечение,46,0,0.0000,3.67,top_10,low_ctr
2026-03-13,лагерь it,46,42,0.9130,1.13,top_3,other
2026-03-12,лагерь майнкрафт,45,43,0.9556,1.11,top_3,other
2026-03-13,летний компьютерный лагерь,45,40,0.8889,1.13,top_3,other
2026-03-13,ит лагерь для детей,44,40,0.9091,1.09,top_3,other
2026-03-12,лагерь it,44,41,0.9318,1.11,top_3,other
2026-03-12,летний компьютерный лагерь,43,38,0.8837,1.14,top_3,other
2026-03-13,айда кодить,42,0,0.0000,10.60,below_10,low_ctr
2026-03-12,ит лагерь для детей,42,38,0.9048,1.10,top_3,other
2026-03-12,детский лагерь подмосковье лето 2026,42,25,0.5952,3.57,top_10,other
2026-03-12,работа с зависимыми подростками,41,0,0.0000,5.66,top_10,low_ctr
2026-03-13,it лагерь,41,35,0.8537,1.90,top_3,other
2026-03-13,работа с зависимыми подростками,41,0,0.0000,5.66,top_10,low_ctr
2026-03-13,лагерь на август подмосковье,41,33,0.8049,1.00,top_3,other
2026-03-13,лагерь программирования,41,30,0.7317,1.44,top_3,other
2026-03-13,детский лагерь подмосковье,40,0,0.0000,8.98,top_10,low_ctr
2026-03-13,лагерь подмосковье,40,0,0.0000,7.28,top_10,low_ctr
2026-03-13,айти лагерь для детей,40,33,0.8250,1.73,top_3,other
2026-03-13,ай да кодить,39,0,0.0000,10.18,below_10,low_ctr
2026-03-12,лагерь на август подмосковье,39,32,0.8205,1.00,top_3,other
2026-03-12,лагерь программирования,39,28,0.7179,1.46,top_3,other
2026-03-12,айда кодить,38,0,0.0000,10.63,below_10,low_ctr
2026-03-12,ай да кодить,38,0,0.0000,10.21,below_10,low_ctr
2026-03-12,it лагерь,37,32,0.8649,1.89,top_3,other
2026-03-12,айти лагерь для детей,37,30,0.8108,1.78,top_3,other
2026-03-13,лагерь для детей летом 2026,37,35,0.9459,1.05,top_3,other
2026-03-13,компьютерный лагерь,37,25,0.6757,2.32,top_3,other
2026-03-13,айти лагерь,37,34,0.9189,1.19,top_3,other
2026-03-12,игровая зависимость от компьютерных игр лечение,36,0,0.0000,19.50,below_10,low_ctr
2026-03-12,детский лагерь подмосковье,36,0,0.0000,8.97,top_10,low_ctr
2026-03-12,айти лагерь,36,33,0.9167,1.19,top_3,other
2026-03-13,лечение зависимостей у подростков,36,0,0.0000,28.92,below_10,low_ctr
2026-03-13,it лагерь для детей,36,34,0.9444,1.14,top_3,other
2026-03-13,ит лагерь,36,31,0.8611,1.11,top_3,other
2026-03-13,игровая зависимость от компьютерных игр лечение,36,0,0.0000,19.50,below_10,low_ctr
2026-03-13,подмосковье лагерь,36,0,0.0000,23.31,below_10,low_ctr
2026-03-12,лечение зависимостей у подростков,36,0,0.0000,28.92,below_10,low_ctr
2026-03-12,it лагерь для детей,35,33,0.9429,1.14,top_3,other
2026-03-13,лагерь в подмосковье,35,0,0.0000,7.37,top_10,low_ctr
2026-03-13,лагерь по программированию,35,33,0.9429,1.60,top_3,other
2026-03-12,лагерь для детей летом 2026,35,33,0.9429,1.06,top_3,other
2026-03-12,компьютерный лагерь,35,23,0.6571,2.40,top_3,other
2026-03-13,москва лукинская улица 8 айдакодить,34,0,0.0000,9.59,top_10,low_ctr
2026-03-13,летний it лагерь для детей,34,27,0.7941,1.44,top_3,other
2026-03-12,ит лагерь,33,28,0.8485,1.12,top_3,other
2026-03-12,лагерь по программированию,33,31,0.9394,1.61,top_3,other
2026-03-13,лагерь для детей в подмосковье,32,0,0.0000,27.97,below_10,low_ctr
2026-03-12,летний it лагерь для детей,32,26,0.8125,1.47,top_3,other
2026-03-13,компьютерный летний лагерь,31,28,0.9032,1.00,top_3,other
2026-03-12,москва лукинская улица 8 айдакодить,30,0,0.0000,9.70,top_10,low_ctr
2026-03-12,компьютерный летний лагерь,30,27,0.9000,1.00,top_3,other
2026-03-13,лагерь в подмосковье на лето 2026,29,0,0.0000,10.59,below_10,other
2026-03-12,лагерь для детей в подмосковье,29,0,0.0000,27.93,below_10,other
2026-03-13,лечение телефонной зависимости у подростков v-gotlib.ru,28,0,0.0000,5.36,top_10,growth_zone
2026-03-13,лагерь летний программирование,28,28,1.0000,1.00,top_3,other
2026-03-12,лечение телефонной зависимости у подростков v-gotlib.ru,28,0,0.0000,5.36,top_10,growth_zone
2026-03-13,лагерь детский в подмосковье на лето 2026,27,0,0.0000,10.22,below_10,other
2026-03-12,подмосковье лагерь,27,0,0.0000,24.11,below_10,other
2026-03-13,корпоративные подарки детям сотрудников на новый год,27,24,0.8889,1.93,top_3,other
2026-03-12,лагерь в подмосковье на лето 2026,26,0,0.0000,10.65,below_10,other
2026-03-13,летний лагерь программирование,26,25,0.9615,1.00,top_3,other
2026-03-12,лагерь в подмосковье,26,0,0.0000,7.42,top_10,growth_zone
2026-03-12,лагерь летний программирование,25,25,1.0000,1.00,top_3,other
2026-03-13,школа программирования переделкино ближнее,24,0,0.0000,6.33,top_10,growth_zone
2026-03-13,летняя школа программирования для школьников,24,1,0.0417,7.67,top_10,growth_zone
2026-03-12,летний лагерь программирование,24,23,0.9583,1.00,top_3,other
2026-03-12,корпоративные подарки детям сотрудников на новый год,24,21,0.8750,1.88,top_3,other
2026-03-13,летние лагеря для,23,1,0.0435,4.65,top_10,growth_zone
2026-03-13,детский лагерь в подмосковье,23,0,0.0000,12.48,below_10,other
2026-03-12,летняя школа программирования для школьников,23,1,0.0435,7.78,top_10,growth_zone
2026-03-12,школа программирования переделкино ближнее,23,0,0.0000,6.35,top_10,growth_zone
2026-03-12,лагерь подмосковье,23,0,0.0000,7.78,top_10,growth_zone
2026-03-13,майнкрафт лагерь,21,17,0.8095,1.52,top_3,other
2026-03-12,лагерь детский в подмосковье на лето 2026,21,0,0.0000,10.57,below_10,other
2026-03-12,летние лагеря для,21,1,0.0476,4.86,top_10,growth_zone
2026-03-13,лагерь подмосковье на лето 2026,21,0,0.0000,11.14,below_10,other
2026-03-13,зависимости от телефона у подростков лечение v-gotlib.ru,20,0,0.0000,8.85,top_10,growth_zone
2026-03-12,майнкрафт лагерь,20,16,0.8000,1.55,top_3,other
2026-03-12,зависимости от телефона у подростков лечение v-gotlib.ru,20,0,0.0000,8.85,top_10,growth_zone
2026-03-12,детский лагерь в подмосковье,20,0,0.0000,12.10,below_10,other
2026-03-13,летний лагерь для детей,18,0,0.0000,6.28,top_10,growth_zone
2026-03-12,летний лагерь для детей,18,0,0.0000,6.28,top_10,growth_zone
2026-03-12,лагерь для детей,17,0,0.0000,8.12,top_10,growth_zone
2026-03-13,лагерь для детей,17,0,0.0000,8.12,top_10,growth_zone
2026-03-13,детские лагеря в подмосковье на лето 2026,16,3,0.1875,18.00,below_10,other
2026-03-13,летний ит лагерь,16,14,0.8750,1.00,top_3,other
2026-03-13,детский лагерь в подмосковье лето 2026,15,0,0.0000,8.80,top_10,growth_zone
2026-03-12,лагерь подмосковье на лето 2026,15,0,0.0000,10.93,below_10,other
2026-03-13,лагерь для детей в подмосковье на лето 2026,15,0,0.0000,11.33,below_10,other
2026-03-12,детский лагерь в подмосковье лето 2026,15,0,0.0000,8.80,top_10,growth_zone
2026-03-13,летний лагерь в подмосковье 2026,14,0,0.0000,12.29,below_10,other
2026-03-13,зависимость от телефона признаки,14,0,0.0000,8.79,top_10,growth_zone
2026-03-13,зависимость от телефона у подростков kvinmed,14,0,0.0000,4.43,top_10,growth_zone
2026-03-13,летний лагерь для детей 2026,14,1,0.0714,10.57,below_10,other
2026-03-12,зависимость от телефона признаки,14,0,0.0000,8.79,top_10,growth_zone
2026-03-12,детские лагеря в подмосковье на лето 2026,14,3,0.2143,18.43,below_10,other
2026-03-13,зависимость от телефона признаки kvinmed,13,0,0.0000,5.46,top_10,growth_zone
2026-03-13,образовательный лагерь,13,0,0.0000,7.00,top_10,growth_zone
2026-03-12,лечение зависимости от компьютерных игр,13,0,0.0000,8.15,top_10,growth_zone
2026-03-12,летний ит лагерь,13,11,0.8462,1.00,top_3,other
2026-03-13,лечение зависимости от компьютерных игр,13,0,0.0000,8.15,top_10,growth_zone
2026-03-13,летний лагерь для детей в подмосковье 2026,12,0,0.0000,9.00,top_10,growth_zone
2026-03-12,зависимость от телефона признаки kvinmed,12,0,0.0000,5.25,top_10,growth_zone
2026-03-12,летняя компьютерная школа,12,1,0.0833,6.17,top_10,growth_zone
2026-03-12,летний лагерь в подмосковье 2026,12,0,0.0000,12.33,below_10,other
2026-03-12,лагерь для детей в подмосковье на лето 2026,12,0,0.0000,11.42,below_10,other
2026-03-12,зависимость от телефона у подростков kvinmed,12,0,0.0000,4.75,top_10,growth_zone
2026-03-12,лечение от компьютерной зависимости,12,0,0.0000,6.50,top_10,growth_zone
2026-03-12,образовательный лагерь,12,0,0.0000,7.00,top_10,growth_zone
2026-03-12,лечение компьютерной зависимости,12,0,0.0000,7.33,top_10,growth_zone
2026-03-12,летний лагерь для детей в подмосковье 2026,12,0,0.0000,9.00,top_10,growth_zone
2026-03-13,летняя компьютерная школа,12,1,0.0833,6.17,top_10,growth_zone
2026-03-13,профилактика зависимости от гаджетов у подростков kvinmed,12,0,0.0000,4.92,top_10,growth_zone
2026-03-13,лечение от компьютерной зависимости,12,0,0.0000,6.50,top_10,growth_zone
2026-03-13,лечение компьютерной зависимости,12,0,0.0000,7.33,top_10,growth_zone
2026-03-13,детский образовательный лагерь,12,0,0.0000,5.92,top_10,growth_zone
2026-03-12,курсы программирования летом для школьников,11,0,0.0000,5.73,top_10,growth_zone
2026-03-12,детский образовательный лагерь,11,0,0.0000,5.55,top_10,growth_zone
2026-03-12,профилактика зависимости от гаджетов у подростков kvinmed,11,0,0.0000,5.00,top_10,growth_zone
2026-03-12,зависимость от компьютерных игр у подростков,11,0,0.0000,41.27,below_10,other
2026-03-12,признаки зависимости от компьютерных игр у ребенка,11,0,0.0000,34.36,below_10,other
2026-03-13,зависимость от компьютерных игр у подростков,11,0,0.0000,41.27,below_10,other
2026-03-13,признаки зависимости от компьютерных игр у ребенка,11,0,0.0000,34.36,below_10,other
2026-03-13,курсы программирования летом для школьников,11,0,0.0000,5.73,top_10,growth_zone
2026-03-13,лечение телефонной зависимости у детей,10,0,0.0000,4.80,top_10,growth_zone
2026-03-13,айдакемп,10,7,0.7000,1.10,top_3,other
2026-03-13,профилактика зависимости от гаджетов у подростков,10,0,0.0000,5.90,top_10,growth_zone
2026-03-12,айдакемп,10,7,0.7000,1.10,top_3,other
2026-03-12,лечение телефонной зависимости у детей,10,0,0.0000,4.80,top_10,growth_zone
2026-03-12,летний лагерь для детей 2026,10,1,0.1000,11.00,below_10,other
2026-03-12,игровая зависимость от компьютерных игр лечение stranaprotivnarkotikov,10,0,0.0000,6.20,top_10,growth_zone
2026-03-13,игровая зависимость от компьютерных игр лечение stranaprotivnarkotikov,10,0,0.0000,6.20,top_10,growth_zone
2026-03-13,игровая зависимость от компьютерных игр лечение kvinmed,10,0,0.0000,3.30,top_10,other
2026-03-13,детский лагерь для детей,10,0,0.0000,7.80,top_10,growth_zone
2026-03-13,игровой компьютерный лагерь,9,0,0.0000,8.56,top_10,growth_zone
2026-03-13,лагерь для детей москва подмосковье,9,0,0.0000,8.22,top_10,growth_zone
2026-03-12,игровая зависимость от компьютерных игр лечение kvinmed,9,0,0.0000,3.33,top_10,other
2026-03-12,детский лагерь для детей,9,0,0.0000,8.22,top_10,growth_zone
2026-03-12,профилактика зависимости от гаджетов у подростков,9,0,0.0000,5.67,top_10,growth_zone
2026-03-12,лагерь для детей москва подмосковье,8,0,0.0000,8.63,top_10,growth_zone
2026-03-13,детский лагерь 2026 лето,8,0,0.0000,6.63,top_10,growth_zone
2026-03-13,игровая зависимость от компьютерных игр,8,0,0.0000,14.38,below_10,other
2026-03-13,лечение от телефонной зависимости у детей трезвый выбор,8,0,0.0000,2.88,top_3,other
2026-03-13,лагерь подмосковье 2026,8,0,0.0000,11.25,below_10,other
2026-03-13,лечение зависимости от компьютерных игр 213,8,1,0.1250,10.13,below_10,other
2026-03-13,как отучить ребенка от игровой зависимости,8,0,0.0000,39.50,below_10,other
2026-03-13,лечение игровой зависимости подростков,8,0,0.0000,49.38,below_10,other
2026-03-13,лечение от телефонной зависимости,8,0,0.0000,6.63,top_10,growth_zone
2026-03-12,лагерь подмосковье 2026,8,0,0.0000,11.25,below_10,other
2026-03-12,лечение от телефонной зависимости у детей трезвый выбор,8,0,0.0000,2.88,top_3,other
2026-03-12,игровая зависимость от компьютерных игр,8,0,0.0000,14.38,below_10,other
2026-03-12,игровой компьютерный лагерь,8,0,0.0000,8.25,top_10,growth_zone
2026-03-12,как отучить ребенка от игровой зависимости,8,0,0.0000,39.50,below_10,other
2026-03-13,курсы программирования для отдыха,7,3,0.4286,2.71,top_3,other
2026-03-13,лечение от телефонной зависимости у детей,7,0,0.0000,4.29,top_10,growth_zone
2026-03-13,городской лагерь на лето 2025,7,0,0.0000,3.43,top_10,other
2026-03-13,летний городской лагерь 2025,7,0,0.0000,6.86,top_10,growth_zone
2026-03-13,лагерь без гаджетов для детей,7,0,0.0000,6.57,top_10,growth_zone
2026-03-12,детский летний лагерь в подмосковье 2026,7,0,0.0000,13.86,below_10,other
2026-03-12,детский лагерь майнкрафт,7,3,0.4286,3.86,top_10,other
2026-03-12,курсы программирования летом для школьников авито,7,0,0.0000,7.29,top_10,growth_zone
2026-03-12,курсы программирования для отдыха,7,3,0.4286,2.71,top_3,other
2026-03-12,лечение от телефонной зависимости у детей,7,0,0.0000,4.29,top_10,growth_zone
2026-03-12,лечение игровой зависимости подростков,7,0,0.0000,49.29,below_10,other
2026-03-13,летний лагерь в подмосковье,7,0,0.0000,7.14,top_10,growth_zone
2026-03-13,детский летний лагерь в подмосковье 2026,7,0,0.0000,13.86,below_10,other
2026-03-13,детский лагерь майнкрафт,7,3,0.4286,3.86,top_10,other
2026-03-12,лагерь без гаджетов для детей,7,0,0.0000,6.57,top_10,growth_zone
2026-03-12,лечение от телефонной зависимости,7,0,0.0000,7.14,top_10,growth_zone
2026-03-13,курсы программирования летом для школьников авито,7,0,0.0000,7.29,top_10,growth_zone
2026-03-13,детские лагеря в подмосковье 2026,7,0,0.0000,11.86,below_10,other
2026-03-13,компьютерная зависимость психологическая помощь,6,0,0.0000,4.50,top_10,growth_zone
2026-03-12,лагерь it для детей летний,6,1,0.1667,4.50,top_10,growth_zone
2026-03-12,лечение зависимости от компьютерных игр 213,6,1,0.1667,5.83,top_10,growth_zone
2026-03-12,летний лагерь в подмосковье,6,0,0.0000,7.00,top_10,growth_zone
2026-03-12,от телефона,6,0,0.0000,3.67,top_10,other
2026-03-12,отмечая сложности в общении подростков и взрослых,6,0,0.0000,6.33,top_10,growth_zone
2026-03-12,детские лагеря в подмосковье 2026,6,0,0.0000,12.17,below_10,other
2026-03-12,лечение компьютерной игровой зависимости,6,0,0.0000,5.33,top_10,growth_zone
2026-03-12,лагерь лето 2026,6,0,0.0000,9.83,top_10,growth_zone
2026-03-13,лагерь it для детей летний,6,1,0.1667,4.50,top_10,growth_zone
2026-03-13,от телефона,6,0,0.0000,3.67,top_10,other
2026-03-13,отмечая сложности в общении подростков и взрослых,6,0,0.0000,6.33,top_10,growth_zone
2026-03-13,лечение компьютерной игровой зависимости,6,0,0.0000,5.33,top_10,growth_zone
2026-03-13,летний лагерь подмосковье 2026,6,0,0.0000,10.17,below_10,other
2026-03-13,лагерь лето 2026,6,0,0.0000,9.83,top_10,growth_zone
2026-03-12,лечение телефонной зависимости у подростковлечение телефонной зависимости у подростков v-gotlib.ru,5,0,0.0000,4.60,top_10,growth_zone
2026-03-12,лагерь подмосковье детский,5,0,0.0000,10.00,top_10,growth_zone
2026-03-12,лагерь детский на лето 2026,5,0,0.0000,10.00,top_10,growth_zone
2026-03-12,"сочинение-рассуждение ""как социальные сети влияют на общение подростков?""(объем 1 лист)",5,0,0.0000,7.00,top_10,growth_zone
2026-03-12,детский лагерь 2026 лето,5,0,0.0000,7.40,top_10,growth_zone
2026-03-12,лечение зависимости от телефона у детей трезвый выбор,5,0,0.0000,7.60,top_10,growth_zone
2026-03-12,айда кемп,5,1,0.2000,2.40,top_3,other
2026-03-13,айда кемп,5,1,0.2000,2.40,top_3,other
2026-03-13,лечение зависимости от телефона у детей трезвый выбор,5,0,0.0000,7.60,top_10,growth_zone
2026-03-13,"сочинение-рассуждение ""как социальные сети влияют на общение подростков?""(объем 1 лист)",5,0,0.0000,7.00,top_10,growth_zone
2026-03-13,лагерь для детей в,5,0,0.0000,6.80,top_10,growth_zone
2026-03-13,лагерь детский на лето 2026,5,0,0.0000,10.00,top_10,growth_zone
2026-03-13,лагерь подмосковье детский,5,0,0.0000,10.00,top_10,growth_zone
2026-03-13,современный детский лагерь,5,0,0.0000,5.80,top_10,growth_zone
2026-03-13,лечение телефонной зависимости у подростковлечение телефонной зависимости у подростков v-gotlib.ru,5,0,0.0000,4.60,top_10,growth_zone
2026-03-13,детские лагеря в подмосковье,5,0,0.0000,7.80,top_10,growth_zone
2026-03-13,детский лагерь летние смены,5,0,0.0000,7.80,top_10,growth_zone
2026-03-13,лагерь до 17 лет,5,0,0.0000,6.40,top_10,growth_zone
2026-03-13,игровая зависимость от компьютерных игр лечение essentuki.gost-narkolog.ru,5,0,0.0000,6.60,top_10,growth_zone
2026-03-13,как побороть зависимость от телефона у подростка,5,0,0.0000,7.80,top_10,growth_zone
2026-03-13,летний лагерь программирования,5,0,0.0000,1.40,top_3,other
2026-03-13,лагерь летний 2026,5,0,0.0000,12.20,below_10,other
2026-03-13,летний лагерь по программированию,5,0,0.0000,8.40,top_10,growth_zone
2026-03-12,лагерь летний 2026,5,0,0.0000,12.20,below_10,other
2026-03-12,как побороть зависимость от телефона у подростка,5,0,0.0000,7.80,top_10,growth_zone
2026-03-12,городской лагерь на лето 2025,5,0,0.0000,4.20,top_10,growth_zone
2026-03-12,игровая зависимость от компьютерных игр лечение essentuki.gost-narkolog.ru,5,0,0.0000,6.60,top_10,growth_zone
2026-03-12,компьютерная зависимость психологическая помощь,5,0,0.0000,3.60,top_10,other
2026-03-12,лагерь до 17 лет,5,0,0.0000,6.40,top_10,growth_zone
2026-03-12,лагеря с бассейном на ацтивцамп ру,4,0,0.0000,5.50,top_10,growth_zone
2026-03-12,летний лагерь детский,4,0,0.0000,6.75,top_10,growth_zone
2026-03-12,летний лагерь по программированию,4,0,0.0000,9.25,top_10,growth_zone
2026-03-12,летний городской лагерь 2025,4,0,0.0000,8.00,top_10,growth_zone
2026-03-12,летний лагерь в подмосковье для подростков 2026,4,0,0.0000,12.00,below_10,other
2026-03-12,зависимость детей от компьютерных игр,4,0,0.0000,42.75,below_10,other
2026-03-12,летний лагерь программирования,4,0,0.0000,1.50,top_3,other
2026-03-12,лечение зависимости от телефона у подростка трезвый выбор,4,0,0.0000,6.25,top_10,growth_zone
2026-03-12,компьютерный лагерь для детей в подмосковье,4,2,0.5000,1.75,top_3,other
2026-03-12,летний лагерь подмосковье 2026,4,0,0.0000,10.25,below_10,other
2026-03-12,лагерь без телефонов,4,0,0.0000,5.50,top_10,growth_zone
2026-03-12,детский лагерь летние смены,4,0,0.0000,8.25,top_10,growth_zone
2026-03-12,лагерь айти,4,0,0.0000,8.00,top_10,growth_zone
2026-03-12,летний лагерь для ребенка,4,0,0.0000,5.75,top_10,growth_zone
2026-03-12,лагерь подросток,4,0,0.0000,6.75,top_10,growth_zone
2026-03-12,летний лагерь по графическому дизайну в туле,4,1,0.2500,7.25,top_10,growth_zone
2026-03-12,летняя компьютерная школа 2026,4,0,0.0000,8.00,top_10,growth_zone
2026-03-12,у меня сильнейшая зависимость от соц сетей задавайте вопросы,4,1,0.2500,7.50,top_10,growth_zone
2026-03-12,летняя школа программирования,4,0,0.0000,9.50,top_10,growth_zone
2026-03-12,детские лагеря в подмосковье,4,0,0.0000,9.25,top_10,growth_zone
2026-03-12,детский лагерь в подмосковье 2026,4,0,0.0000,12.75,below_10,other
2026-03-12,куда девать ребенка на каникулах если родители работают,4,0,0.0000,7.25,top_10,growth_zone
2026-03-12,it лагерь для подростков,4,0,0.0000,6.25,top_10,growth_zone
2026-03-12,лагерь 2026 год лето,4,0,0.0000,11.00,below_10,other
2026-03-12,современный детский лагерь,4,0,0.0000,4.50,top_10,growth_zone
2026-03-12,летний лагерь с айти уклоном в люблино для детей 13 лет в москве,4,0,0.0000,6.50,top_10,growth_zone
2026-03-12,летняя школа по компьютерным наукам фото 2025,4,0,0.0000,4.75,top_10,growth_zone
2026-03-12,детский лагерь лето 2026,4,0,0.0000,7.00,top_10,growth_zone
2026-03-12,летний детский лагерь 2026,4,0,0.0000,10.25,below_10,other
2026-03-12,летний лагерь в москве для подростков,4,0,0.0000,7.25,top_10,growth_zone
2026-03-12,лагерь для детей в,4,0,0.0000,7.50,top_10,growth_zone
2026-03-12,"какое мероприятие можно провести в начальной школе, чтобы снизить зависимость от телефона",4,0,0.0000,4.25,top_10,growth_zone
2026-03-12,айдакемп отзывы,4,4,1.0000,3.75,top_10,other
2026-03-13,лечение детей от зависимости телефона,4,0,0.0000,5.75,top_10,growth_zone
2026-03-13,работа с зависимыми подростками v-gotlib.ru,4,0,0.0000,11.00,below_10,other
2026-03-13,лечение от компьютерных игр 213,4,0,0.0000,16.00,below_10,other
2026-03-13,интерактивная игра семейной ассамблеи «безопасное использование гаджетов» детей дошкольного возраста,4,0,0.0000,8.50,top_10,growth_zone
2026-03-13,айдакемп отзывы,4,4,1.0000,3.75,top_10,other
2026-03-13,"какое мероприятие можно провести в начальной школе, чтобы снизить зависимость от телефона",4,0,0.0000,4.25,top_10,growth_zone
2026-03-13,летний лагерь в москве для подростков,4,0,0.0000,7.25,top_10,growth_zone
2026-03-13,летний детский лагерь 2026,4,0,0.0000,10.25,below_10,other
2026-03-13,детский лагерь лето 2026,4,0,0.0000,7.00,top_10,growth_zone
2026-03-13,лагеря с бассейном на ацтивцамп ру,4,0,0.0000,5.50,top_10,growth_zone
2026-03-13,летняя школа по компьютерным наукам фото 2025,4,0,0.0000,4.75,top_10,growth_zone
2026-03-13,летний лагерь с айти уклоном в люблино для детей 13 лет в москве,4,0,0.0000,6.50,top_10,growth_zone
2026-03-13,лагерь 2026 год лето,4,0,0.0000,11.00,below_10,other
2026-03-13,айдакодить школа программирования,4,0,0.0000,11.50,below_10,other
2026-03-13,it лагерь для подростков,4,0,0.0000,6.25,top_10,growth_zone
2026-03-13,куда девать ребенка на каникулах если родители работают,4,0,0.0000,7.25,top_10,growth_zone
2026-03-13,детский лагерь в подмосковье 2026,4,0,0.0000,12.75,below_10,other
2026-03-13,летняя школа программирования,4,0,0.0000,9.50,top_10,growth_zone
2026-03-13,у меня сильнейшая зависимость от соц сетей задавайте вопросы,4,1,0.2500,7.50,top_10,growth_zone
2026-03-13,летняя компьютерная школа 2026,4,0,0.0000,8.00,top_10,growth_zone
2026-03-13,летний лагерь по графическому дизайну в туле,4,1,0.2500,7.25,top_10,growth_zone
2026-03-13,лагерь подросток,4,0,0.0000,6.75,top_10,growth_zone
2026-03-13,летний лагерь для ребенка,4,0,0.0000,5.75,top_10,growth_zone
2026-03-13,лагерь айти,4,0,0.0000,8.00,top_10,growth_zone
2026-03-13,лагеря в подмосковье на лето 2026,4,0,0.0000,10.00,top_10,growth_zone
2026-03-13,компьютерный лагерь для детей в подмосковье,4,2,0.5000,1.75,top_3,other
2026-03-13,лечение зависимости от телефона у подростка трезвый выбор,4,0,0.0000,6.25,top_10,growth_zone
2026-03-13,зависимость детей от компьютерных игр,4,0,0.0000,42.75,below_10,other
2026-03-13,летний лагерь в подмосковье для подростков 2026,4,0,0.0000,12.00,below_10,other
2026-03-13,летний лагерь детский,4,0,0.0000,6.75,top_10,growth_zone
2026-03-12,интерактивная игра семейной ассамблеи «безопасное использование гаджетов» детей дошкольного возраста,4,0,0.0000,8.50,top_10,growth_zone
2026-03-13,лагерь без телефонов,4,0,0.0000,5.50,top_10,growth_zone
2026-03-12,работа с зависимыми подростками v-gotlib.ru,4,0,0.0000,11.00,below_10,other
2026-03-12,лечение детей от зависимости телефона,4,0,0.0000,5.75,top_10,growth_zone
2026-03-12,дизайн лагеря для детей,3,0,0.0000,8.33,top_10,growth_zone
2026-03-12,летний айти лагерь,3,0,0.0000,4.00,top_10,growth_zone
2026-03-12,главные проблемы непонимания подростков,3,0,0.0000,3.67,top_10,other
2026-03-12,куда деть ребенка на каникулах если родители работают,3,0,0.0000,8.67,top_10,growth_zone
2026-03-12,признаки зависимости от телефона у подростков,3,1,0.3333,10.67,below_10,other
2026-03-12,как выглядит детский лагерь с бассейном с игровой комнатой для компьютеров,3,0,0.0000,8.33,top_10,growth_zone
2026-03-12,детский лагерь программирования,3,0,0.0000,6.33,top_10,growth_zone
2026-03-12,летний лагерь it,3,0,0.0000,5.00,top_10,growth_zone
2026-03-12,лагерь для дизайнеров,3,0,0.0000,5.00,top_10,growth_zone
2026-03-12,детский it лагерь,3,0,0.0000,5.67,top_10,growth_zone
2026-03-12,лагерь детский летний 2026,3,0,0.0000,12.33,below_10,other
2026-03-13,лагерь на лето 2026,3,0,0.0000,21.33,below_10,other
2026-03-13,детский летний лагерь в подмосковье лето 2026,3,0,0.0000,9.33,top_10,growth_zone
2026-03-13,я открыла детский лагерь летом отзывы,3,0,0.0000,5.33,top_10,growth_zone
2026-03-13,телефон зависимость лечение,3,0,0.0000,9.00,top_10,growth_zone
2026-03-13,летний лагерь для подростков 14 лет по электронике,3,0,0.0000,4.67,top_10,growth_zone
2026-03-12,летний лагерь питание и проживание,3,0,0.0000,46.00,below_10,other
2026-03-12,летний лагерь профессий,3,0,0.0000,9.33,top_10,growth_zone
2026-03-13,летний лагерь майнкрафт,3,0,0.0000,4.33,top_10,growth_zone
2026-03-12,летний лагерь майнкрафт,3,0,0.0000,4.33,top_10,growth_zone
2026-03-12,айдакодить школа программирования,3,0,0.0000,11.00,below_10,other
2026-03-12,летний лагерь для подростков 14 лет по электронике,3,0,0.0000,4.67,top_10,growth_zone
2026-03-12,телефон зависимость лечение,3,0,0.0000,9.00,top_10,growth_zone
2026-03-12,я открыла детский лагерь летом отзывы,3,0,0.0000,5.33,top_10,growth_zone
2026-03-12,детский летний лагерь в подмосковье лето 2026,3,0,0.0000,9.33,top_10,growth_zone
2026-03-12,лагерь на лето 2026,3,0,0.0000,21.33,below_10,other
2026-03-12,лечение зависимости от телефона у детей,3,0,0.0000,7.00,top_10,growth_zone
2026-03-12,детский лагерь смена на август с датами,3,0,0.0000,7.33,top_10,growth_zone
2026-03-12,лечение от компьютерных игр 213,3,0,0.0000,11.67,below_10,other
2026-03-13,лечение зависимости от телефона у детей,3,0,0.0000,7.00,top_10,growth_zone
2026-03-13,детский лагерь смена на август с датами,3,0,0.0000,7.33,top_10,growth_zone
2026-03-13,программист +сосна титул,3,0,0.0000,11.00,below_10,other
2026-03-13,летний лагерь программирования для детей,3,0,0.0000,3.00,top_3,other
2026-03-13,лагеря с природой для детей путёвки купить присмотреть на август,3,0,0.0000,2.67,top_3,other
2026-03-13,дизайн лагеря для детей,3,0,0.0000,8.33,top_10,growth_zone
2026-03-13,детский it лагерь,3,0,0.0000,5.67,top_10,growth_zone
2026-03-13,летний лагерь питание и проживание,3,0,0.0000,46.00,below_10,other
2026-03-13,летний лагерь профессий,3,0,0.0000,9.33,top_10,growth_zone
2026-03-13,летний ит лагерь 2026 16 лет,3,0,0.0000,7.67,top_10,growth_zone
2026-03-13,летний лагерь по графическому дизайну,3,1,0.3333,1.00,top_3,other
2026-03-13,способы контроля и методы ограничения использования гаджетов у младших школьников,3,1,0.3333,2.00,top_3,other
2026-03-13,лагерь программирования для детей,3,0,0.0000,5.00,top_10,growth_zone
2026-03-13,детский лагерь в подмосковье на лето 2026 цены,3,0,0.0000,13.67,below_10,other
2026-03-13,лагерь детский летний 2026,3,0,0.0000,12.33,below_10,other
2026-03-13,лагерь для дизайнеров,3,0,0.0000,5.00,top_10,growth_zone
2026-03-13,лагерь на лето,3,0,0.0000,3.00,top_3,other
2026-03-13,летний лагерь it,3,0,0.0000,5.00,top_10,growth_zone
2026-03-13,детский лагерь программирования,3,0,0.0000,6.33,top_10,growth_zone
2026-03-13,как выглядит детский лагерь с бассейном с игровой комнатой для компьютеров,3,0,0.0000,8.33,top_10,growth_zone
2026-03-13,признаки зависимости от телефона у подростков,3,1,0.3333,10.67,below_10,other
2026-03-13,куда деть ребенка на каникулах если родители работают,3,0,0.0000,8.67,top_10,growth_zone
2026-03-13,главные проблемы непонимания подростков,3,0,0.0000,3.67,top_10,other
2026-03-13,летний айти лагерь,3,0,0.0000,4.00,top_10,growth_zone
2026-03-13,профессиональная помощь и системная профилактика в телефонной зависимости,3,1,0.3333,2.00,top_3,other
2026-03-13,летний лагерь без телефона,3,0,0.0000,3.67,top_10,other
2026-03-13,игровая зависимость от компьютерных игр лечение newday-rehabs ru,3,0,0.0000,4.00,top_10,growth_zone
2026-03-13,детский лагерь без телефонов,3,0,0.0000,3.00,top_3,other
2026-03-13,лагерь для подростков 12-17 лет,3,0,0.0000,4.00,top_10,growth_zone
2026-03-12,летний ит лагерь 2026 16 лет,3,0,0.0000,7.67,top_10,growth_zone
2026-03-12,способы контроля и методы ограничения использования гаджетов у младших школьников,3,1,0.3333,2.00,top_3,other
2026-03-12,летний лагерь по графическому дизайну,3,1,0.3333,1.00,top_3,other
2026-03-12,лагеря с природой для детей путёвки купить присмотреть на август,3,0,0.0000,2.67,top_3,other
2026-03-12,лагерь для подростков 12-17 лет,3,0,0.0000,4.00,top_10,growth_zone
2026-03-12,игровая зависимость от компьютерных игр лечение newday-rehabs ru,3,0,0.0000,4.00,top_10,growth_zone
2026-03-12,летний лагерь без телефона,3,0,0.0000,3.67,top_10,other
2026-03-12,профессиональная помощь и системная профилактика в телефонной зависимости,3,1,0.3333,2.00,top_3,other
2026-03-12,cdtio детский лагерь,2,0,0.0000,11.00,below_10,other
2026-03-13,как организовать досуг ребёнка в летний период,2,0,0.0000,10.00,top_10,growth_zone
2026-03-13,что делать с детьми летом если родители работают,2,0,0.0000,5.00,top_10,growth_zone
2026-03-13,курсы программирования для отдыха цены и отзывы,2,0,0.0000,3.00,top_3,other
2026-03-13,преодоление компьютерной зависимости требует комплексного подхода,2,0,0.0000,5.00,top_10,growth_zone
2026-03-13,летний лагерь it для детей,2,0,0.0000,1.00,top_3,other
2026-03-13,плохие лагеря по отзывам,2,0,0.0000,10.50,below_10,other
2026-03-13,лагерь на лето для ребенка,2,0,0.0000,20.00,below_10,other
2026-03-13,куда пристроить дошкольника на лето,2,0,0.0000,9.00,top_10,growth_zone
2026-03-13,лагеря под москвой,2,0,0.0000,3.00,top_3,other
2026-03-13,игровая зависимость от компьютерных игр лечение pmed,2,0,0.0000,5.00,top_10,growth_zone
2026-03-13,лагерь для программистов,2,0,0.0000,8.00,top_10,growth_zone
2026-03-13,игромания психологическая помощь,2,0,0.0000,27.00,below_10,other
2026-03-13,летний лагерь дизайн,2,1,0.5000,1.50,top_3,other
2026-03-13,путевка в лагерь дизайн,2,0,0.0000,7.00,top_10,growth_zone
2026-03-13,каковы проблемы непонимания современных у подростков есть,2,0,0.0000,7.50,top_10,growth_zone
2026-03-13,до чего доводят проблемы с болтающимися молодёжью,2,0,0.0000,10.00,top_10,growth_zone
2026-03-13,летний лагерь для,2,1,0.5000,2.00,top_3,other
2026-03-13,it лагеря в 2026 году летние смены,2,0,0.0000,1.50,top_3,other
2026-03-13,куда пойти ребенку на каникулы ай ти,2,0,0.0000,7.00,top_10,growth_zone
2026-03-13,лагерь для подростков в подмосковье на лето 2026,2,0,0.0000,12.00,below_10,other
2026-03-13,есть ли у твоих друзей зависимость от телефона какие специалисты могут помочь.,2,0,0.0000,7.00,top_10,growth_zone
2026-03-13,летний лагерь программирования для детей калужская область,2,0,0.0000,10.00,top_10,growth_zone
2026-03-13,"брошюра «как избежать зависимости» сделайте 4–6 страничную брошюру с советами: как контролировать время в соцсетях, распознавать фейки, защищаться от кибербуллинга. используйте шаблоны в word или canva.",2,1,0.5000,3.50,top_10,other
2026-03-13,лечение залечение зависимости от компьютерных игр твой наркологвисимости от компьютерных игр,2,0,0.0000,5.00,top_10,growth_zone
2026-03-13,где отдыхать и учиться,2,1,0.5000,4.50,top_10,growth_zone
2026-03-13,летний лагерь по программированию для детей,2,0,0.0000,4.50,top_10,growth_zone
2026-03-13,"сочинение-рассуждение ""как социальные сети влияют на общение подростков? "" 2 аргумента и два примера, объём 1 лист",2,0,0.0000,6.00,top_10,growth_zone
2026-03-13,курсы для подростков на лето,2,0,0.0000,32.00,below_10,other
2026-03-13,куда девать ребенка летом если родители работают,2,0,0.0000,9.00,top_10,growth_zone
2026-03-13,it лагерь для школьников подмосковья,2,0,0.0000,3.00,top_3,other
2026-03-13,игровая зависимость от компьютерных игр лечение213,2,0,0.0000,9.50,top_10,growth_zone
2026-03-13,летняя компьютерная школа лкш с 4 класса,2,0,0.0000,6.00,top_10,growth_zone
2026-03-13,"какое мероприятие можно провести в начальной школе,чтобы снизить зависимость от телефона",2,0,0.0000,4.50,top_10,growth_zone
2026-03-13,лагерь ит,2,0,0.0000,9.50,top_10,growth_zone
2026-03-13,короткое сообщение 3-4 предложения родителю о наборе детей 8-12 лет в летний лагерь по программированию,2,0,0.0000,3.50,top_10,other
2026-03-13,it camp 2026,2,0,0.0000,4.00,top_10,growth_zone
2026-03-13,детские лагеря для айтишников,2,0,0.0000,7.00,top_10,growth_zone
2026-03-13,лагерь в москве на лето 2026,2,0,0.0000,13.50,below_10,other
2026-03-13,куда девать ребенка на летние каникулы если я работаю,2,0,0.0000,4.50,top_10,growth_zone
2026-03-13,компьютерный лагерь на лето 2026,2,0,0.0000,2.00,top_3,other
2026-03-13,летняя школа квнтового программирования,2,0,0.0000,8.00,top_10,growth_zone
2026-03-13,лагеря в подмосковье на июнь,2,0,0.0000,11.50,below_10,other
2026-03-13,ауиа кемп,2,0,0.0000,6.00,top_10,growth_zone
2026-03-13,лагерь программирования лето,2,0,0.0000,3.00,top_3,other
2026-03-13,летний лагерь 2026 программирование,2,0,0.0000,2.50,top_3,other
2026-03-13,вы страдаете зависимостью от компьютерных игр,2,0,0.0000,8.00,top_10,growth_zone
2026-03-13,программа по работе с подростком по преодолению зависимости от телефона,2,1,0.5000,12.50,below_10,other
2026-03-13,лагерь где участники как играть в разные компьютерные игры,2,0,0.0000,2.00,top_3,other
2026-03-13,"какие рекомендации дать подростку, который с зависимостью к видео играм",2,0,0.0000,12.00,below_10,other
2026-03-13,детский лагерь программирования it,2,1,0.5000,3.50,top_10,other
2026-03-13,частная школа по программированию с проживанием в москве,2,0,0.0000,8.00,top_10,growth_zone
2026-03-13,детский летний лагерь на ацтивцамп ру,2,0,0.0000,8.00,top_10,growth_zone
2026-03-13,детский лагерь в подмосковье на лето 2025 цены на путевки,2,0,0.0000,5.50,top_10,growth_zone
2026-03-13,лагерь в россии с обучением,2,0,0.0000,10.00,top_10,growth_zone
2026-03-13,курсы программирования для отдыха недорого,2,0,0.0000,12.00,below_10,other
2026-03-13,летний лагерь в москве 2026,2,0,0.0000,18.50,below_10,other
2026-03-13,летний лагерь в москве с бассейном,2,0,0.0000,7.50,top_10,growth_zone
2026-03-13,лагеря на август на подростка,2,0,0.0000,6.00,top_10,growth_zone
2026-03-13,летний лагерь 1с,2,0,0.0000,10.00,top_10,growth_zone
2026-03-13,лагери по киевскому шоссе,2,0,0.0000,7.00,top_10,growth_zone
2026-03-13,дополнительное образование с проживанием,2,0,0.0000,12.00,below_10,other
2026-03-13,куда деть школьника летом если родители работают,2,0,0.0000,8.00,top_10,growth_zone
2026-03-13,премиальные лагеря для подростков лето 2026,2,1,0.5000,39.00,below_10,other
2026-03-13,пути решения зависимости от устройств,2,0,0.0000,10.00,top_10,growth_zone
2026-03-13,лагерь где не забирают телефоны,2,0,0.0000,11.50,below_10,other
2026-03-13,лечение телефонной зависимости у детей трезвый выбор,2,0,0.0000,2.00,top_3,other
2026-03-13,посмотреть советы/и рекомендации для отучения подростков от телеф. зависимости,2,0,0.0000,10.50,below_10,other
2026-03-13,нужно бороться с компьютерными играми,2,0,0.0000,7.00,top_10,growth_zone
2026-03-13,лагерь для детей летом 2026 айдакемп москва,2,1,0.5000,1.50,top_3,other
2026-03-13,проблемы с чрезмерным использование гаджетов и социальных сетей актуальна для учеников младших классов?,2,0,0.0000,11.50,below_10,other
2026-03-13,подмосковье лагери с компьютером,2,0,0.0000,3.50,top_10,other
2026-03-13,лагерь по программированию лето 2026,2,2,1.0000,4.00,top_10,growth_zone
2026-03-13,лето 2026 городской лагерь,2,0,0.0000,10.00,top_10,growth_zone
2026-03-13,зависимость игр детей v-gotlib.ru,2,0,0.0000,7.00,top_10,growth_zone
2026-03-13,лагерь в подмосковье для подростков на лето 2026,2,0,0.0000,11.00,below_10,other
2026-03-13,лечение зависимости от телефона у подростка айдакемп,2,1,0.5000,1.00,top_3,other
2026-03-13,лагерь профессий для детей,2,0,0.0000,8.00,top_10,growth_zone
2026-03-13,лагерь москва для подростков,2,0,0.0000,3.00,top_3,other
2026-03-13,лагерь с айти уклоном,2,0,0.0000,3.50,top_10,other
2026-03-13,лубы для подростков испытывающих проблемы в общении к,2,0,0.0000,9.00,top_10,growth_zone
2026-03-13,лагерь 2025 .,2,0,0.0000,10.00,top_10,growth_zone
2026-03-13,куда девать детей если родители работают на каникулах,2,0,0.0000,4.50,top_10,growth_zone
2026-03-13,пришкольный лагерь по теме игры майнкрафт,2,0,0.0000,2.50,top_3,other
2026-03-13,aida camp,2,1,0.5000,1.00,top_3,other
2026-03-13,лагеря современные с пк,2,0,0.0000,9.50,top_10,growth_zone
2026-03-13,лагерь для подростков программирование,2,0,0.0000,2.00,top_3,other
2026-03-13,летний лагерь 2026,2,0,0.0000,13.00,below_10,other
2026-03-13,летние лагеря по программированию,2,0,0.0000,6.00,top_10,growth_zone
2026-03-13,летние курсы программирования для школьников,2,0,0.0000,9.50,top_10,growth_zone
2026-03-13,лагерь для дизайнеров в москве,2,0,0.0000,3.50,top_10,other
2026-03-13,ит лагерь для подростков 3д дизайн,2,0,0.0000,8.00,top_10,growth_zone
2026-03-13,летние it школы,2,0,0.0000,5.50,top_10,growth_zone
2026-03-13,python обучение в лагере для подростков весна 2026 в подмосковье,2,1,0.5000,3.50,top_10,other
2026-03-13,лагерь в москве для подростков,2,0,0.0000,8.00,top_10,growth_zone
2026-03-13,отзыв лагерь айдакемп,2,0,0.0000,4.00,top_10,growth_zone
2026-03-13,олимпиадное программирование летние смены в москве,2,1,0.5000,12.00,below_10,other
2026-03-13,ит лагеря в 2026 году летние смены,2,1,0.5000,2.00,top_3,other
2026-03-13,лечение от компьютерных игр,2,0,0.0000,10.00,top_10,growth_zone
2026-03-13,айда кодить рублевское,2,0,0.0000,6.00,top_10,growth_zone
2026-03-13,куда определить ребенка на лето если родители работают,2,0,0.0000,4.00,top_10,growth_zone
2026-03-13,"рекомендации для родителей в детском саду по теме: ""безопасное использование гаджетов"" скачать",2,0,0.0000,10.50,below_10,other
2026-03-13,летний лагерь с компьютерами,2,0,0.0000,7.50,top_10,growth_zone
2026-03-13,плохой детский лагерь отзывы,2,0,0.0000,10.00,top_10,growth_zone
2026-03-13,детский лагерь программирования в подмосковье на лето,2,0,0.0000,2.00,top_3,other
2026-03-13,где на лето оставлять ребенка,2,0,0.0000,7.00,top_10,growth_zone
2026-03-13,выездной лагерь программирования,2,0,0.0000,9.00,top_10,growth_zone
2026-03-13,летний детский лагерь майнкрафт,2,2,1.0000,1.00,top_3,other
2026-03-13,лагерь в подмосковье для подростков с бассейном на лето 2026,2,0,0.0000,9.50,top_10,growth_zone
2026-03-13,лагерь на каникулы для подростков,2,0,0.0000,5.50,top_10,growth_zone
2026-03-13,роль родителей и общества в контроле игровой активности,2,0,0.0000,2.00,top_3,other
2026-03-13,дизайнерские лагеря,2,0,0.0000,3.50,top_10,other
2026-03-13,летние лагеря по компьютерной безопасности,2,0,0.0000,10.00,top_10,growth_zone
2026-03-13,детский лагерь летний подмосковье,2,0,0.0000,19.00,below_10,other
2026-03-13,лечение зависимости от гаджетов у подростка,2,0,0.0000,5.00,top_10,growth_zone
2026-03-13,летний лагерь без телефонов,2,0,0.0000,2.00,top_3,other
2026-03-13,как бороться с зависимостью от компьютерных игр айдакемп,2,1,0.5000,1.50,top_3,other
2026-03-13,городской лагерь информатика нахабино,2,0,0.0000,4.50,top_10,growth_zone
2026-03-13,детский психолог который лечит телефонную зависимость,2,0,0.0000,8.50,top_10,growth_zone
2026-03-13,игровая зависимость от компьютерных игр лечение oboyan.proalkogolizm.ru,2,0,0.0000,9.00,top_10,growth_zone
2026-03-13,каникулярная смена профлагерь айти направление,2,0,0.0000,8.50,top_10,growth_zone
2026-03-13,напишите короткое сообщение родителю о наборе детей 8–12 лет в летний лагерь по программированию.,2,0,0.0000,4.00,top_10,growth_zone
2026-03-13,лагеря отдыха для детей в подмосковье,2,0,0.0000,11.50,below_10,other
2026-03-13,лечение телефонной зависимости,2,0,0.0000,7.00,top_10,growth_zone
2026-03-13,напишите короткое сообщение родителю о наборе детей 8–12 лет в летний лагерь по программированию. сообщение должно быть не длиннее 3–4 предложений.,2,0,0.0000,2.50,top_3,other
2026-03-13,лагерь подмосковье на 28 дней,2,0,0.0000,7.50,top_10,growth_zone
2026-03-13,напишите короткое сообщение родителю о наборе детей 8–12 лет в летний лагерь по программированию. сообщение должно быть не длиннее 3–4 предложений. можно использовать нейросети. в конце сообщения добавьте слово «лето».,2,0,0.0000,2.00,top_3,other
2026-03-13,ит лагерь для подростков,2,0,0.0000,6.00,top_10,growth_zone
2026-03-13,"летний лагерь оздоровительный пришкольный тематический - информатика, программирование",2,0,0.0000,13.00,below_10,other
2026-03-13,детский лагерь айтм весенниемканикуля,2,0,0.0000,9.00,top_10,growth_zone
2026-03-13,игровая зависимость у подростков,2,0,0.0000,36.50,below_10,other
2026-03-13,айдакодить производсаеннпя,2,0,0.0000,10.00,top_10,growth_zone
2026-03-13,cdtio детский лагерь,2,0,0.0000,11.00,below_10,other
2026-03-13,коммуникативные ошибки молодежи примеры,2,1,0.5000,5.00,top_10,growth_zone
2026-03-13,зависимость от компьютерных игр у взрослых лечение,2,0,0.0000,7.50,top_10,growth_zone
2026-03-13,история про лагерь для родителей,2,0,0.0000,12.00,below_10,other
2026-03-13,как забыть социальный сеть,2,0,0.0000,11.00,below_10,other
2026-03-13,дети на отдыхе oblakacamp,2,1,0.5000,13.50,below_10,other
2026-03-13,крутой лагерь с компьютерами и с бассейном в москве,2,0,0.0000,3.00,top_3,other
2026-03-12,как организовать досуг ребёнка в летний период,2,0,0.0000,10.00,top_10,growth_zone
2026-03-12,что делать с детьми летом если родители работают,2,0,0.0000,5.00,top_10,growth_zone
2026-03-12,курсы программирования для отдыха цены и отзывы,2,0,0.0000,3.00,top_3,other
2026-03-12,преодоление компьютерной зависимости требует комплексного подхода,2,0,0.0000,5.00,top_10,growth_zone
2026-03-12,лагеря под москвой,2,0,0.0000,3.00,top_3,other
2026-03-12,лагерь программирования для детей,2,0,0.0000,3.00,top_3,other
2026-03-12,плохие лагеря по отзывам,2,0,0.0000,10.50,below_10,other
2026-03-12,лагерь на лето для ребенка,2,0,0.0000,20.00,below_10,other
2026-03-12,куда пристроить дошкольника на лето,2,0,0.0000,9.00,top_10,growth_zone
2026-03-12,игровая зависимость от компьютерных игр лечение pmed,2,0,0.0000,5.00,top_10,growth_zone
2026-03-12,лагерь для программистов,2,0,0.0000,8.00,top_10,growth_zone
2026-03-12,игромания психологическая помощь,2,0,0.0000,27.00,below_10,other
2026-03-12,летний лагерь дизайн,2,1,0.5000,1.50,top_3,other
2026-03-12,путевка в лагерь дизайн,2,0,0.0000,7.00,top_10,growth_zone
2026-03-12,каковы проблемы непонимания современных у подростков есть,2,0,0.0000,7.50,top_10,growth_zone
2026-03-12,до чего доводят проблемы с болтающимися молодёжью,2,0,0.0000,10.00,top_10,growth_zone
2026-03-12,летний лагерь для,2,1,0.5000,2.00,top_3,other
2026-03-12,it лагеря в 2026 году летние смены,2,0,0.0000,1.50,top_3,other
2026-03-12,куда пойти ребенку на каникулы ай ти,2,0,0.0000,7.00,top_10,growth_zone
2026-03-12,летний лагерь программирования для детей,2,0,0.0000,2.00,top_3,other
2026-03-12,есть ли у твоих друзей зависимость от телефона какие специалисты могут помочь.,2,0,0.0000,7.00,top_10,growth_zone
2026-03-12,"брошюра «как избежать зависимости» сделайте 4–6 страничную брошюру с советами: как контролировать время в соцсетях, распознавать фейки, защищаться от кибербуллинга. используйте шаблоны в word или canva.",2,1,0.5000,3.50,top_10,other
2026-03-12,лагерь дизайнеров,2,1,0.5000,3.00,top_3,other
2026-03-12,где отдыхать и учиться,2,1,0.5000,4.50,top_10,growth_zone
2026-03-12,летний лагерь по программированию для детей,2,0,0.0000,4.50,top_10,growth_zone
2026-03-12,"сочинение-рассуждение ""как социальные сети влияют на общение подростков? "" 2 аргумента и два примера, объём 1 лист",2,0,0.0000,6.00,top_10,growth_zone
2026-03-12,курсы для подростков на лето,2,0,0.0000,32.00,below_10,other
2026-03-12,куда девать ребенка летом если родители работают,2,0,0.0000,9.00,top_10,growth_zone
2026-03-12,it лагерь для школьников подмосковья,2,0,0.0000,3.00,top_3,other
2026-03-12,игровая зависимость от компьютерных игр лечение213,2,0,0.0000,9.50,top_10,growth_zone
2026-03-12,летняя компьютерная школа лкш с 4 класса,2,0,0.0000,6.00,top_10,growth_zone
2026-03-12,"какое мероприятие можно провести в начальной школе,чтобы снизить зависимость от телефона",2,0,0.0000,4.50,top_10,growth_zone
2026-03-12,лагерь ит,2,0,0.0000,9.50,top_10,growth_zone
2026-03-12,короткое сообщение 3-4 предложения родителю о наборе детей 8-12 лет в летний лагерь по программированию,2,0,0.0000,3.50,top_10,other
2026-03-12,детские лагеря для айтишников,2,0,0.0000,7.00,top_10,growth_zone
2026-03-12,лагерь в москве на лето 2026,2,0,0.0000,13.50,below_10,other
2026-03-12,куда девать ребенка на летние каникулы если я работаю,2,0,0.0000,4.50,top_10,growth_zone
2026-03-12,компьютерный лагерь на лето 2026,2,0,0.0000,2.00,top_3,other
2026-03-12,летняя школа квнтового программирования,2,0,0.0000,8.00,top_10,growth_zone
2026-03-12,лагеря в подмосковье на июнь,2,0,0.0000,11.50,below_10,other
2026-03-12,ауиа кемп,2,0,0.0000,6.00,top_10,growth_zone
2026-03-12,лагерь программирования лето,2,0,0.0000,3.00,top_3,other
2026-03-12,летний лагерь 2026 программирование,2,0,0.0000,2.50,top_3,other
2026-03-12,вы страдаете зависимостью от компьютерных игр,2,0,0.0000,8.00,top_10,growth_zone
2026-03-12,программа по работе с подростком по преодолению зависимости от телефона,2,1,0.5000,12.50,below_10,other
2026-03-12,лагерь где участники как играть в разные компьютерные игры,2,0,0.0000,2.00,top_3,other
2026-03-12,"какие рекомендации дать подростку, который с зависимостью к видео играм",2,0,0.0000,12.00,below_10,other
2026-03-12,детский лагерь программирования it,2,1,0.5000,3.50,top_10,other
2026-03-12,частная школа по программированию с проживанием в москве,2,0,0.0000,8.00,top_10,growth_zone
2026-03-12,детский летний лагерь на ацтивцамп ру,2,0,0.0000,8.00,top_10,growth_zone
2026-03-12,детский лагерь в подмосковье на лето 2025 цены на путевки,2,0,0.0000,5.50,top_10,growth_zone
2026-03-12,курсы программирования для отдыха недорого,2,0,0.0000,12.00,below_10,other
2026-03-12,летний лагерь в москве 2026,2,0,0.0000,18.50,below_10,other
2026-03-12,летний лагерь в москве с бассейном,2,0,0.0000,7.50,top_10,growth_zone
2026-03-12,лагеря на август на подростка,2,0,0.0000,6.00,top_10,growth_zone
2026-03-12,летний лагерь 1с,2,0,0.0000,10.00,top_10,growth_zone
2026-03-12,лагери по киевскому шоссе,2,0,0.0000,7.00,top_10,growth_zone
2026-03-12,дополнительное образование с проживанием,2,0,0.0000,12.00,below_10,other
2026-03-12,куда деть школьника летом если родители работают,2,0,0.0000,8.00,top_10,growth_zone
2026-03-12,премиальные лагеря для подростков лето 2026,2,1,0.5000,39.00,below_10,other
2026-03-12,пути решения зависимости от устройств,2,0,0.0000,10.00,top_10,growth_zone
2026-03-12,лагерь где не забирают телефоны,2,0,0.0000,11.50,below_10,other
2026-03-12,лечение телефонной зависимости у детей трезвый выбор,2,0,0.0000,2.00,top_3,other
2026-03-12,посмотреть советы/и рекомендации для отучения подростков от телеф. зависимости,2,0,0.0000,10.50,below_10,other
2026-03-12,нужно бороться с компьютерными играми,2,0,0.0000,7.00,top_10,growth_zone
2026-03-12,лагерь для детей летом 2026 айдакемп москва,2,1,0.5000,1.50,top_3,other
2026-03-12,проблемы с чрезмерным использование гаджетов и социальных сетей актуальна для учеников младших классов?,2,0,0.0000,11.50,below_10,other
2026-03-12,лагерь по программированию лето 2026,2,2,1.0000,4.00,top_10,growth_zone
2026-03-12,зависимость игр детей v-gotlib.ru,2,0,0.0000,7.00,top_10,growth_zone
2026-03-12,детский лагерь без телефонов,2,0,0.0000,3.00,top_3,other
2026-03-12,лечение зависимости от телефона у подростка айдакемп,2,1,0.5000,1.00,top_3,other
2026-03-12,лагерь профессий для детей,2,0,0.0000,8.00,top_10,growth_zone
2026-03-12,лагерь москва для подростков,2,0,0.0000,3.00,top_3,other
2026-03-12,лагерь с айти уклоном,2,0,0.0000,3.50,top_10,other
2026-03-12,лубы для подростков испытывающих проблемы в общении к,2,0,0.0000,9.00,top_10,growth_zone
2026-03-12,лагерь 2025 .,2,0,0.0000,10.00,top_10,growth_zone
2026-03-12,куда девать детей если родители работают на каникулах,2,0,0.0000,4.50,top_10,growth_zone
2026-03-12,пришкольный лагерь по теме игры майнкрафт,2,0,0.0000,2.50,top_3,other
2026-03-12,aida camp,2,1,0.5000,1.00,top_3,other
2026-03-12,лагеря современные с пк,2,0,0.0000,9.50,top_10,growth_zone
2026-03-12,лагерь для подростков программирование,2,0,0.0000,2.00,top_3,other
2026-03-12,летний лагерь 2026,2,0,0.0000,13.00,below_10,other
2026-03-12,летние лагеря по программированию,2,0,0.0000,6.00,top_10,growth_zone
2026-03-12,летние курсы программирования для школьников,2,0,0.0000,9.50,top_10,growth_zone
2026-03-12,ит лагерь для подростков 3д дизайн,2,0,0.0000,8.00,top_10,growth_zone
2026-03-12,летние it школы,2,0,0.0000,5.50,top_10,growth_zone
2026-03-12,python обучение в лагере для подростков весна 2026 в подмосковье,2,1,0.5000,3.50,top_10,other
2026-03-12,лагерь в москве для подростков,2,0,0.0000,8.00,top_10,growth_zone
2026-03-12,отзыв лагерь айдакемп,2,0,0.0000,4.00,top_10,growth_zone
2026-03-12,олимпиадное программирование летние смены в москве,2,1,0.5000,12.00,below_10,other
2026-03-12,ит лагеря в 2026 году летние смены,2,1,0.5000,2.00,top_3,other
2026-03-12,лечение от компьютерных игр,2,0,0.0000,10.00,top_10,growth_zone
2026-03-12,айда кодить рублевское,2,0,0.0000,6.00,top_10,growth_zone
2026-03-12,куда определить ребенка на лето если родители работают,2,0,0.0000,4.00,top_10,growth_zone
2026-03-12,"рекомендации для родителей в детском саду по теме: ""безопасное использование гаджетов"" скачать",2,0,0.0000,10.50,below_10,other
2026-03-12,летний лагерь с компьютерами,2,0,0.0000,7.50,top_10,growth_zone
2026-03-12,плохой детский лагерь отзывы,2,0,0.0000,10.00,top_10,growth_zone
2026-03-12,детский лагерь программирования в подмосковье на лето,2,0,0.0000,2.00,top_3,other
2026-03-12,выездной лагерь программирования,2,0,0.0000,9.00,top_10,growth_zone
2026-03-12,летний детский лагерь майнкрафт,2,2,1.0000,1.00,top_3,other
2026-03-12,лагерь в подмосковье для подростков с бассейном на лето 2026,2,0,0.0000,9.50,top_10,growth_zone
2026-03-12,лагерь на каникулы для подростков,2,0,0.0000,5.50,top_10,growth_zone
2026-03-12,роль родителей и общества в контроле игровой активности,2,0,0.0000,2.00,top_3,other
2026-03-12,дизайнерские лагеря,2,0,0.0000,3.50,top_10,other
2026-03-12,летние лагеря по компьютерной безопасности,2,0,0.0000,10.00,top_10,growth_zone
2026-03-12,детский лагерь летний подмосковье,2,0,0.0000,19.00,below_10,other
2026-03-12,лечение зависимости от гаджетов у подростка,2,0,0.0000,5.00,top_10,growth_zone
2026-03-12,летний лагерь без телефонов,2,0,0.0000,2.00,top_3,other
2026-03-12,как бороться с зависимостью от компьютерных игр айдакемп,2,1,0.5000,1.50,top_3,other
2026-03-12,лагеря в подмосковье на лето 2026,2,0,0.0000,10.00,top_10,growth_zone
2026-03-12,городской лагерь информатика нахабино,2,0,0.0000,4.50,top_10,growth_zone
2026-03-12,детский психолог который лечит телефонную зависимость,2,0,0.0000,8.50,top_10,growth_zone
2026-03-12,игровая зависимость от компьютерных игр лечение oboyan.proalkogolizm.ru,2,0,0.0000,9.00,top_10,growth_zone
2026-03-12,каникулярная смена профлагерь айти направление,2,0,0.0000,8.50,top_10,growth_zone
2026-03-12,напишите короткое сообщение родителю о наборе детей 8–12 лет в летний лагерь по программированию.,2,0,0.0000,4.00,top_10,growth_zone
2026-03-12,лагеря отдыха для детей в подмосковье,2,0,0.0000,11.50,below_10,other
2026-03-12,лечение телефонной зависимости,2,0,0.0000,7.00,top_10,growth_zone
2026-03-12,напишите короткое сообщение родителю о наборе детей 8–12 лет в летний лагерь по программированию. сообщение должно быть не длиннее 3–4 предложений.,2,0,0.0000,2.50,top_3,other
2026-03-12,лагерь подмосковье на 28 дней,2,0,0.0000,7.50,top_10,growth_zone
2026-03-12,лагерь на лето,2,0,0.0000,3.50,top_10,other
2026-03-12,напишите короткое сообщение родителю о наборе детей 8–12 лет в летний лагерь по программированию. сообщение должно быть не длиннее 3–4 предложений. можно использовать нейросети. в конце сообщения добавьте слово «лето».,2,0,0.0000,2.00,top_3,other
2026-03-12,ит лагерь для подростков,2,0,0.0000,6.00,top_10,growth_zone
2026-03-12,"летний лагерь оздоровительный пришкольный тематический - информатика, программирование",2,0,0.0000,13.00,below_10,other
2026-03-12,детский лагерь айтм весенниемканикуля,2,0,0.0000,9.00,top_10,growth_zone
2026-03-12,айдакодить производсаеннпя,2,0,0.0000,10.00,top_10,growth_zone
2026-03-12,зависимость от компьютерных игр у взрослых лечение,2,0,0.0000,7.50,top_10,growth_zone
2026-03-12,как забыть социальный сеть,2,0,0.0000,11.00,below_10,other
2026-03-12,дети на отдыхе oblakacamp,2,1,0.5000,13.50,below_10,other
2026-03-12,крутой лагерь с компьютерами и с бассейном в москве,2,0,0.0000,3.00,top_3,other
2026-03-12,детский лагерь в подмосковье на лето 2026 цены,2,0,0.0000,12.00,below_10,other
2026-03-13,лагерь дизайнеров,2,1,0.5000,3.00,top_3,other
2026-03-12,it camp 2026,2,0,0.0000,4.00,top_10,growth_zone
2026-03-13,лагерь типиско,1,0,0.0000,11.00,below_10,other
2026-03-12,детские лагеря на лето с обучением,1,1,1.0000,12.00,below_10,other
2026-03-12,подскажите лагерь по этим требованиям miami edition москва,1,1,1.0000,3.00,top_3,other
2026-03-12,"подросток стал зависим от общения в телефоне с какими-то людьми, что это за группы",1,0,0.0000,8.00,top_10,growth_zone
2026-03-12,летний лагерь it для детей,1,0,0.0000,1.00,top_3,other
2026-03-12,куда деть ребенка летом,1,0,0.0000,11.00,below_10,other
2026-03-12,"отмечая сложности в общении подростков и взрослых,",1,0,0.0000,11.00,below_10,other
2026-03-12,летний инфобез лагерь,1,0,0.0000,9.00,top_10,growth_zone
2026-03-12,летний отдых детей в лагере на ацтивцамп ру,1,0,0.0000,15.00,below_10,other
2026-03-12,летний лагерь по теме майнкрафт для детей 10 11 лет майнкрафт,1,0,0.0000,2.00,top_3,other
2026-03-12,"памятка для родителей по теме: ""безопасное использование гаджетов"" распечатать",1,0,0.0000,12.00,below_10,other
2026-03-12,что делать если родители помешаны на телефонной зависимости majestic набережные челны,1,1,1.0000,3.00,top_3,other
2026-03-12,проблема общения подростков со сверстниками и взрослыми,1,0,0.0000,10.00,top_10,growth_zone
2026-03-12,детский летний лагерь подмосковье,1,0,0.0000,9.00,top_10,growth_zone
2026-03-12,выездной детский it лагерь,1,1,1.0000,7.00,top_10,growth_zone
2026-03-12,лагеря для детей айтишников,1,0,0.0000,7.00,top_10,growth_zone
2026-03-12,летний интенсив по дизайну подростки,1,0,0.0000,8.00,top_10,growth_zone
2026-03-12,майнкрафт лагерь.,1,0,0.0000,11.00,below_10,other
2026-03-12,летние лагеря в подмосковье 2026,1,0,0.0000,27.00,below_10,other
2026-03-12,обучающий лагерь для 14 лет,1,0,0.0000,18.00,below_10,other
2026-03-12,детские образовательные лагеря,1,1,1.0000,8.00,top_10,growth_zone
2026-03-12,детский лагерь для подростков,1,1,1.0000,4.00,top_10,growth_zone
2026-03-12,как бросить играть компьютер,1,1,1.0000,6.00,top_10,growth_zone
2026-03-12,будет ли у меня ребенок стану ли мамой immersive майнкрафт екатеринбург,1,1,1.0000,7.00,top_10,growth_zone
2026-03-12,лагерь с вай фай,1,0,0.0000,4.00,top_10,growth_zone
2026-03-12,лагерь программистов 2026,1,0,0.0000,3.00,top_3,other
2026-03-12,как побороть зависимость от телефона у подростка с саратов,1,1,1.0000,5.00,top_10,growth_zone
2026-03-12,летние школы по программированию,1,1,1.0000,9.00,top_10,growth_zone
2026-03-12,программирование лагерь 2026 лето дети 8-12 лет,1,1,1.0000,2.00,top_3,other
2026-03-12,летний лагерь в подмосковье хорошее проживание для детей с телефонами,1,0,0.0000,13.00,below_10,other
2026-03-12,лагерь с бассейном в подмосковье на лето,1,1,1.0000,11.00,below_10,other
2026-03-12,диджиталскиллакадеми,1,0,0.0000,8.00,top_10,growth_zone
2026-03-12,летняя образовательная смена,1,0,0.0000,8.00,top_10,growth_zone
2026-03-12,методы борьбы с зависимостью от гаджетов у учащихся,1,0,0.0000,11.00,below_10,other
2026-03-12,летние лагеря с дизайнерами,1,1,1.0000,2.00,top_3,other
2026-03-12,it- лагерь лето 2026,1,0,0.0000,8.00,top_10,growth_zone
2026-03-12,подарки сотрудникам новый год изготовление prezentum.pro,1,0,0.0000,12.00,below_10,other
2026-03-12,памятка для учеников начальной школы и их родителей: «безопасное использование гаджетов»,1,0,0.0000,12.00,below_10,other
2026-03-12,лагеря на лето 2025,1,0,0.0000,32.00,below_10,other
2026-03-12,причины чрезмерного использования гаджетов младшего школьника,1,0,0.0000,3.00,top_3,other
2026-03-12,лагерь программирование подмосковье,1,0,0.0000,2.00,top_3,other
2026-03-12,стоит ли брать гитару в лагерь майнкрафт разработчика тула,1,1,1.0000,7.00,top_10,growth_zone
2026-03-12,лагерь летний,1,0,0.0000,9.00,top_10,growth_zone
2026-03-12,летний лагерь дизайн для подростков москва,1,0,0.0000,4.00,top_10,growth_zone
2026-03-12,почему когда даёшь поблажки в борьбе с зависимостью или с внедрением полезной привычки все идёт в п4зду kd68b dark у пенза,1,0,0.0000,9.00,top_10,growth_zone
2026-03-12,лагерь по программированию с 16 марта,1,0,0.0000,4.00,top_10,growth_zone
2026-03-12,лето графическое оборудование,1,0,0.0000,5.00,top_10,growth_zone
2026-03-12,детские летние лагеря 2026 подмосковье,1,0,0.0000,29.00,below_10,other
2026-03-12,летний отдых для детей 2026 в подмосковье,1,0,0.0000,14.00,below_10,other
2026-03-12,лечение залечение зависимости от компьютерных игр твой наркологвисимости от компьютерных игр,1,0,0.0000,4.00,top_10,growth_zone
2026-03-12,о подарках детям на производстве,1,0,0.0000,13.00,below_10,other
2026-03-12,"помогите пожалуйста с описанием фотографии ""летний досуг"" control установить catalyst челябинск",1,0,0.0000,11.00,below_10,other
2026-03-12,мобильная зависимость подростков,1,0,0.0000,10.00,top_10,growth_zone
2026-03-12,айда кемп лагерь,1,1,1.0000,1.00,top_3,other
2026-03-12,подросток сам признался что зависим от телефона как быть,1,0,0.0000,10.00,top_10,growth_zone
2026-03-12,лагерь школьный летний,1,0,0.0000,31.00,below_10,other
2026-03-12,лечение зависимости у подростков,1,0,0.0000,4.00,top_10,growth_zone
2026-03-12,it лагерь москва,1,0,0.0000,3.00,top_3,other
2026-03-12,летний лагерь для детей на ацтивцамп ру,1,0,0.0000,5.00,top_10,growth_zone
2026-03-12,"некоторые люди могут стать зависимыми от компьютерных игр, что может привести к снижению продуктивности, ухудшению отношений с окружающими и проблемам с учёбой или работой. краткий пересказ предложений",1,0,0.0000,12.00,below_10,other
2026-03-12,лагерь для детей на лето,1,0,0.0000,44.00,below_10,other
2026-03-12,методы борьбы с зависимостью от компьютерных игр,1,0,0.0000,3.00,top_3,other
2026-03-12,лагерь где не забирают телефон,1,0,0.0000,12.00,below_10,other
2026-03-12,айти лагерь для подростков,1,0,0.0000,8.00,top_10,growth_zone
2026-03-12,лечение компьютерной игровой зависимости stranaprotivnarkotikov,1,0,0.0000,11.00,below_10,other
2026-03-12,летний лагерь 2026 компьютерные технологии,1,0,0.0000,6.00,top_10,growth_zone
2026-03-12,лагерь на территории 23 школы обухово 2026,1,0,0.0000,9.00,top_10,growth_zone
2026-03-12,на киевском шоссе лагеря построили,1,0,0.0000,8.00,top_10,growth_zone
2026-03-12,тема проекта на общество влияние гаджетов на детей вред и польза,1,1,1.0000,1.00,top_3,other
2026-03-12,айдакодить,1,0,0.0000,4.00,top_10,growth_zone
2026-03-12,детский it лагерь весенние каникулы,1,1,1.0000,24.00,below_10,other
2026-03-12,напишите о пионерских лагерях кратко java minecraft не пермь,1,0,0.0000,3.00,top_3,other
2026-03-12,лагерь в подмосковье на лето 2025 цены,1,0,0.0000,8.00,top_10,growth_zone
2026-03-12,летний лагерь в москве 2026 дешево,1,0,0.0000,12.00,below_10,other
2026-03-12,детский образовательный отдых,1,0,0.0000,9.00,top_10,growth_zone
2026-03-12,почему зависимость младшешкольникоы от гаджетов,1,0,0.0000,9.00,top_10,growth_zone
2026-03-12,лечение компьютерной игровой зависимости v-gotlib.ru,1,0,0.0000,12.00,below_10,other
2026-03-12,лагерь программирование,1,0,0.0000,11.00,below_10,other
2026-03-12,лагеря на август,1,0,0.0000,3.00,top_3,other
2026-03-12,онлайн лагерь +для детей 2026,1,0,0.0000,3.00,top_3,other
2026-03-12,куда девать детей на летние каникулы,1,0,0.0000,7.00,top_10,growth_zone
2026-03-12,летом для,1,0,0.0000,5.00,top_10,growth_zone
2026-03-12,лагерь на лето на ацтивцамп ру,1,0,0.0000,12.00,below_10,other
2026-03-12,лагерь подмосковья,1,1,1.0000,8.00,top_10,growth_zone
2026-03-12,летний лагерь в школах подмосковья в 2026 году,1,0,0.0000,14.00,below_10,other
2026-03-12,лагерь с компьютерами,1,0,0.0000,12.00,below_10,other
2026-03-12,лагерь в подмосковье на лето,1,0,0.0000,10.00,top_10,growth_zone
2026-03-12,детский лагерь в подмосковье ит,1,1,1.0000,3.00,top_3,other
2026-03-12,майнкрафт проект на лето! функции. екатеринбург,1,0,0.0000,2.00,top_3,other
2026-03-12,отзывы айдакемп,1,0,0.0000,4.00,top_10,growth_zone
2026-03-12,поверхностность в суждениях подростков,1,0,0.0000,14.00,below_10,other
2026-03-12,детский лагерь дизайн,1,0,0.0000,6.00,top_10,growth_zone
2026-03-12,советы от зависимости компьютерных игр,1,0,0.0000,2.00,top_3,other
2026-03-12,приложения для отвлечения подростка от телефона,1,0,0.0000,13.00,below_10,other
2026-03-12,летняя школа по компьютерным наукам цена стоимость,1,0,0.0000,12.00,below_10,other
2026-03-12,летняя айти школа,1,0,0.0000,6.00,top_10,growth_zone
2026-03-12,лагерь для графических дизайнеров,1,1,1.0000,2.00,top_3,other
2026-03-12,лагерь в подмосковье 2026,1,0,0.0000,10.00,top_10,growth_zone
2026-03-12,лечение от зависимости телефона 14 лет,1,0,0.0000,9.00,top_10,growth_zone
2026-03-12,it лагерь для школьников,1,0,0.0000,8.00,top_10,growth_zone
2026-03-12,летний лагерь для старшеклассников электроника,1,0,0.0000,50.00,below_10,other
2026-03-12,minecraft заведение для детей,1,1,1.0000,1.00,top_3,other
2026-03-12,лагерь для подростков компьютерный,1,0,0.0000,8.00,top_10,growth_zone
2026-03-12,в чем проблема общения современной молодежи,1,0,0.0000,12.00,below_10,other
2026-03-12,программа летнего лагеря программирования,1,1,1.0000,3.00,top_3,other
2026-03-12,летний лагерь майнкрафт тверь,1,0,0.0000,4.00,top_10,growth_zone
2026-03-12,компьютеры лагерь,1,0,0.0000,4.00,top_10,growth_zone
2026-03-12,есть способ преодолеть тяжёлую зависимость от телефона подросток 15 лет если уфа,1,1,1.0000,5.00,top_10,growth_zone
2026-03-12,памятки для родителей куда сводить детей летом,1,1,1.0000,1.00,top_3,other
2026-03-12,летний лагерь для программирования,1,0,0.0000,1.00,top_3,other
2026-03-12,айда кодить рублевское шоссе,1,0,0.0000,7.00,top_10,growth_zone
2026-03-12,лагерь телефона,1,0,0.0000,6.00,top_10,growth_zone
2026-03-12,детский лагерь с программированием,1,0,0.0000,7.00,top_10,growth_zone
2026-03-12,летний образовательный лагерь с лицензией,1,0,0.0000,11.00,below_10,other
2026-03-12,aidacamp,1,1,1.0000,1.00,top_3,other
2026-03-12,«айдакемп»,1,1,1.0000,1.00,top_3,other
2026-03-12,пк лагерь,1,0,0.0000,8.00,top_10,growth_zone
2026-03-12,как красиво описать летний лагерь посвященный гейм крафт,1,1,1.0000,2.00,top_3,other
2026-03-12,лагерь с компамиэлектрт,1,0,0.0000,9.00,top_10,growth_zone
2026-03-12,летняя школа для подростков,1,0,0.0000,5.00,top_10,growth_zone
2026-03-12,летние школы для детей с 8 лет уклон it,1,0,0.0000,12.00,below_10,other
2026-03-12,летний айти лагерь картинка,1,0,0.0000,6.00,top_10,growth_zone
2026-03-12,лагерь 2026 лето,1,0,0.0000,8.00,top_10,growth_zone
2026-03-12,лагерь с компами,1,0,0.0000,4.00,top_10,growth_zone
2026-03-12,методы снижения негативного влияния гаджетов на детей,1,0,0.0000,12.00,below_10,other
2026-03-12,в чем отличие летней компьютерной школы от летнего компьютерного лагеря,1,0,0.0000,13.00,below_10,other
2026-03-12,ай да кэмп,1,1,1.0000,1.00,top_3,other
2026-03-12,летний образовательный лагерь подмосковье,1,0,0.0000,9.00,top_10,growth_zone
2026-03-12,детский отдых 2025 лагерь,1,0,0.0000,5.00,top_10,growth_zone
2026-03-12,как побороть зависимость использовать читы в играх голосу санкт-петербург,1,1,1.0000,5.00,top_10,growth_zone
2026-03-12,кэмп ит,1,0,0.0000,11.00,below_10,other
2026-03-12,летний лагерь а,1,0,0.0000,8.00,top_10,growth_zone
2026-03-12,методы лечения зависимости от компьютерных игр,1,0,0.0000,9.00,top_10,growth_zone
2026-03-12,подростки с телефоном ведут себя как,1,0,0.0000,7.00,top_10,growth_zone
2026-03-12,7729713637,1,0,0.0000,7.00,top_10,growth_zone
2026-03-12,детские лагеря подмосковья 2026,1,0,0.0000,23.00,below_10,other
2026-03-12,летний дневной it лагерь для детей в одинцово,1,0,0.0000,13.00,below_10,other
2026-03-12,баги игры minecraft лагеря альтруистов жертвы киров,1,0,0.0000,7.00,top_10,growth_zone
2026-03-12,летние it лагеря,1,0,0.0000,19.00,below_10,other
2026-03-12,вместимость лагеря «айдакемп»,1,0,0.0000,2.00,top_3,other
2026-03-12,лечение завлечение зависимости от компьютерных игр твой наркологисимости от компьютерных игр,1,0,0.0000,5.00,top_10,growth_zone
2026-03-12,можно подростка вылечить от телефона чтоб не сошел с ума,1,0,0.0000,9.00,top_10,growth_zone
2026-03-12,зависимость от интернет игр,1,0,0.0000,10.00,top_10,growth_zone
2026-03-12,борьба с зависимостью от компьютера,1,0,0.0000,7.00,top_10,growth_zone
2026-03-12,летние лагеря для студентов 2026 год,1,0,0.0000,12.00,below_10,other
2026-03-12,организация дарит детям подарки на нг,1,0,0.0000,4.00,top_10,growth_zone
2026-03-12,летний лагерь дизайна для детей,1,0,0.0000,9.00,top_10,growth_zone
2026-03-12,детский летний лагерь москва,1,1,1.0000,31.00,below_10,other
2026-03-12,айде кемп,1,0,0.0000,1.00,top_3,other
2026-03-12,летний компьютерный лагерь в подмосковье 2026,1,0,0.0000,1.00,top_3,other
2026-03-12,летние образовательные курсы по информатике,1,0,0.0000,6.00,top_10,growth_zone
2026-03-12,преодоление психологических барьеров у подростков в общении со сверстниками ( стороженко с. н. ),1,0,0.0000,6.00,top_10,growth_zone
2026-03-12,одим пады лагерь,1,0,0.0000,7.00,top_10,growth_zone
2026-03-12,лагерь типиско,1,0,0.0000,11.00,below_10,other
2026-03-12,зависимость от компьютерных игр у взрослых,1,0,0.0000,8.00,top_10,growth_zone
2026-03-12,летняя школа по компьютерным наукам 2026,1,0,0.0000,10.00,top_10,growth_zone
2026-03-12,назовите и обоснуйте проблемы общения в подростковом возрасте вопросы,1,0,0.0000,9.00,top_10,growth_zone
2026-03-12,детский лагерь с айти уклоном,1,0,0.0000,10.00,top_10,growth_zone
2026-03-12,летний лагерь it шатура,1,0,0.0000,7.00,top_10,growth_zone
2026-03-12,лагеря подмосковья с туалетом в комнате,1,0,0.0000,11.00,below_10,other
2026-03-12,при школе детский лагерь в подмосковье,1,0,0.0000,12.00,below_10,other
2026-03-12,компьютерный лагерь для детей,1,0,0.0000,9.00,top_10,growth_zone
2026-03-12,летний лагерь для детей с программированием,1,0,0.0000,5.00,top_10,growth_zone
2026-03-12,"отмечая сложности в общении подростков и взрослых,мне",1,0,0.0000,5.00,top_10,growth_zone
2026-03-12,промокод айдакемп,1,1,1.0000,1.00,top_3,other
2026-03-12,всероссийский детский it лагерь,1,1,1.0000,6.00,top_10,growth_zone
2026-03-12,летний лагерь в подмосковье для подростков 2026 с бассейном и модным номером бесплатные,1,0,0.0000,14.00,below_10,other
2026-03-12,наро фоминский детский лагерь айти,1,0,0.0000,6.00,top_10,growth_zone
2026-03-12,летний лагерь сайт,1,0,0.0000,6.00,top_10,growth_zone
2026-03-12,летние лагеря без бассейна,1,0,0.0000,5.00,top_10,growth_zone
2026-03-12,методы борьбы с зависимостью от онлайн игр,1,0,0.0000,6.00,top_10,growth_zone
2026-03-12,лагерь дизайна,1,0,0.0000,1.00,top_3,other
2026-03-12,летний лагерь для детей в москве,1,0,0.0000,7.00,top_10,growth_zone
2026-03-12,лечение лечение зависимости от компьютерных игр tvoinarcologависимости от компьютерных игр,1,0,0.0000,2.00,top_3,other
2026-03-12,летний лагерь питание и проживание инновационный,1,0,0.0000,38.00,below_10,other
2026-03-12,летний лагерь в подмосковье 2026 цена,1,0,0.0000,21.00,below_10,other
2026-03-12,айда кодить отзывы,1,0,0.0000,12.00,below_10,other
2026-03-12,айкьютера лагерь для учеников,1,0,0.0000,10.00,top_10,growth_zone
2026-03-12,лагерь на две недели на лето компьютерный,1,0,0.0000,16.00,below_10,other
2026-03-12,"опишите проблему, которая может возникнуть при использовании социальных сетей, и предложите способ ее решения;",1,0,0.0000,10.00,top_10,growth_zone
2026-03-13,подскажите лагерь по этим требованиям miami edition москва,1,1,1.0000,3.00,top_3,other
2026-03-13,"подросток стал зависим от общения в телефоне с какими-то людьми, что это за группы",1,0,0.0000,8.00,top_10,growth_zone
2026-03-13,куда деть ребенка летом,1,0,0.0000,11.00,below_10,other
2026-03-13,"отмечая сложности в общении подростков и взрослых,",1,0,0.0000,11.00,below_10,other
2026-03-13,летний инфобез лагерь,1,0,0.0000,9.00,top_10,growth_zone
2026-03-13,лагерь с компьютерным уклоном для подростков,1,0,0.0000,8.00,top_10,growth_zone
2026-03-13,летний отдых детей в лагере на ацтивцамп ру,1,0,0.0000,15.00,below_10,other
2026-03-13,летний лагерь по теме майнкрафт для детей 10 11 лет майнкрафт,1,0,0.0000,2.00,top_3,other
2026-03-13,лагеря в подмосковье лето 2026,1,0,0.0000,7.00,top_10,growth_zone
2026-03-13,"памятка для родителей по теме: ""безопасное использование гаджетов"" распечатать",1,0,0.0000,12.00,below_10,other
2026-03-13,что делать если родители помешаны на телефонной зависимости majestic набережные челны,1,1,1.0000,3.00,top_3,other
2026-03-13,игровая зависимость от компьютерных игр лечение newday-rehabs ru213,1,0,0.0000,3.00,top_3,other
2026-03-13,проблема общения подростков со сверстниками и взрослыми,1,0,0.0000,10.00,top_10,growth_zone
2026-03-13,детский летний лагерь подмосковье,1,0,0.0000,9.00,top_10,growth_zone
2026-03-13,выездной детский it лагерь,1,1,1.0000,7.00,top_10,growth_zone
2026-03-13,лагерь компас подмосковье смена маинкрафт,1,1,1.0000,1.00,top_3,other
2026-03-13,лагеря для детей айтишников,1,0,0.0000,7.00,top_10,growth_zone
2026-03-13,летний интенсив по дизайну подростки,1,0,0.0000,8.00,top_10,growth_zone
2026-03-13,майнкрафт лагерь.,1,0,0.0000,11.00,below_10,other
2026-03-13,летние лагеря в подмосковье 2026,1,0,0.0000,27.00,below_10,other
2026-03-13,обучающий лагерь для 14 лет,1,0,0.0000,18.00,below_10,other
2026-03-13,детские образовательные лагеря,1,1,1.0000,8.00,top_10,growth_zone
2026-03-13,детский лагерь для подростков,1,1,1.0000,4.00,top_10,growth_zone
2026-03-13,как бросить играть компьютер,1,1,1.0000,6.00,top_10,growth_zone
2026-03-13,будет ли у меня ребенок стану ли мамой immersive майнкрафт екатеринбург,1,1,1.0000,7.00,top_10,growth_zone
2026-03-13,летний лагерь для дизайнеров,1,0,0.0000,1.00,top_3,other
2026-03-13,лагеря в подмосковье на лето 2026 где не забирают телефоны,1,0,0.0000,5.00,top_10,growth_zone
2026-03-13,лагерь с вай фай,1,0,0.0000,4.00,top_10,growth_zone
2026-03-13,лагерь программистов 2026,1,0,0.0000,3.00,top_3,other
2026-03-13,как побороть зависимость от телефона у подростка с саратов,1,1,1.0000,5.00,top_10,growth_zone
2026-03-13,детские лагеря на лето с обучением,1,1,1.0000,12.00,below_10,other
2026-03-13,летние школы по программированию,1,1,1.0000,9.00,top_10,growth_zone
2026-03-13,программирование лагерь 2026 лето дети 8-12 лет,1,1,1.0000,2.00,top_3,other
2026-03-13,летний лагерь в подмосковье хорошее проживание для детей с телефонами,1,0,0.0000,13.00,below_10,other
2026-03-13,лагерь с бассейном в подмосковье на лето,1,1,1.0000,11.00,below_10,other
2026-03-13,диджиталскиллакадеми,1,0,0.0000,8.00,top_10,growth_zone
2026-03-13,летняя образовательная смена,1,0,0.0000,8.00,top_10,growth_zone
2026-03-13,зависимость подростка от телефона,1,0,0.0000,9.00,top_10,growth_zone
2026-03-13,методы борьбы с зависимостью от гаджетов у учащихся,1,0,0.0000,11.00,below_10,other
2026-03-13,коммуникативные ошибки молодежи,1,0,0.0000,4.00,top_10,growth_zone
2026-03-13,летние лагеря с дизайнерами,1,1,1.0000,2.00,top_3,other
2026-03-13,it- лагерь лето 2026,1,0,0.0000,8.00,top_10,growth_zone
2026-03-13,подарки сотрудникам новый год изготовление prezentum.pro,1,0,0.0000,12.00,below_10,other
2026-03-13,памятка для учеников начальной школы и их родителей: «безопасное использование гаджетов»,1,0,0.0000,12.00,below_10,other
2026-03-13,лагеря на лето 2025,1,0,0.0000,32.00,below_10,other
2026-03-13,причины чрезмерного использования гаджетов младшего школьника,1,0,0.0000,3.00,top_3,other
2026-03-13,лагерь программирование подмосковье,1,0,0.0000,2.00,top_3,other
2026-03-13,стоит ли брать гитару в лагерь майнкрафт разработчика тула,1,1,1.0000,7.00,top_10,growth_zone
2026-03-13,лагерь летний,1,0,0.0000,9.00,top_10,growth_zone
2026-03-13,летний лагерь дизайн для подростков москва,1,0,0.0000,4.00,top_10,growth_zone
2026-03-13,почему когда даёшь поблажки в борьбе с зависимостью или с внедрением полезной привычки все идёт в п4зду kd68b dark у пенза,1,0,0.0000,9.00,top_10,growth_zone
2026-03-13,лагерь по программированию с 16 марта,1,0,0.0000,4.00,top_10,growth_zone
2026-03-13,лето графическое оборудование,1,0,0.0000,5.00,top_10,growth_zone
2026-03-13,детские летние лагеря 2026 подмосковье,1,0,0.0000,29.00,below_10,other
2026-03-13,летний отдых для детей 2026 в подмосковье,1,0,0.0000,14.00,below_10,other
2026-03-13,ит лагерь для подростков в москве,1,0,0.0000,5.00,top_10,growth_zone
2026-03-13,о подарках детям на производстве,1,0,0.0000,13.00,below_10,other
2026-03-13,"помогите пожалуйста с описанием фотографии ""летний досуг"" control установить catalyst челябинск",1,0,0.0000,11.00,below_10,other
2026-03-13,мобильная зависимость подростков,1,0,0.0000,10.00,top_10,growth_zone
2026-03-13,айда кемп лагерь,1,1,1.0000,1.00,top_3,other
2026-03-13,подросток сам признался что зависим от телефона как быть,1,0,0.0000,10.00,top_10,growth_zone
2026-03-13,лагерь школьный летний,1,0,0.0000,31.00,below_10,other
2026-03-13,лечение зависимости у подростков,1,0,0.0000,4.00,top_10,growth_zone
2026-03-13,it лагерь москва,1,0,0.0000,3.00,top_3,other
2026-03-13,летний лагерь для детей на ацтивцамп ру,1,0,0.0000,5.00,top_10,growth_zone
2026-03-13,"некоторые люди могут стать зависимыми от компьютерных игр, что может привести к снижению продуктивности, ухудшению отношений с окружающими и проблемам с учёбой или работой. краткий пересказ предложений",1,0,0.0000,12.00,below_10,other
2026-03-13,лагерь для детей на лето,1,0,0.0000,44.00,below_10,other
2026-03-13,методы борьбы с зависимостью от компьютерных игр,1,0,0.0000,3.00,top_3,other
2026-03-13,лагерь где не забирают телефон,1,0,0.0000,12.00,below_10,other
2026-03-13,айти лагерь для подростков,1,0,0.0000,8.00,top_10,growth_zone
2026-03-13,лечение компьютерной игровой зависимости stranaprotivnarkotikov,1,0,0.0000,11.00,below_10,other
2026-03-13,летний лагерь 2026 компьютерные технологии,1,0,0.0000,6.00,top_10,growth_zone
2026-03-13,лагерь на территории 23 школы обухово 2026,1,0,0.0000,9.00,top_10,growth_zone
2026-03-13,на киевском шоссе лагеря построили,1,0,0.0000,8.00,top_10,growth_zone
2026-03-13,тема проекта на общество влияние гаджетов на детей вред и польза,1,1,1.0000,1.00,top_3,other
2026-03-13,айдакодить,1,0,0.0000,4.00,top_10,growth_zone
2026-03-13,детский it лагерь весенние каникулы,1,1,1.0000,24.00,below_10,other
2026-03-13,напишите о пионерских лагерях кратко java minecraft не пермь,1,0,0.0000,3.00,top_3,other
2026-03-13,лагерь в подмосковье на лето 2025 цены,1,0,0.0000,8.00,top_10,growth_zone
2026-03-13,летний лагерь в москве 2026 дешево,1,0,0.0000,12.00,below_10,other
2026-03-13,детский образовательный отдых,1,0,0.0000,9.00,top_10,growth_zone
2026-03-13,почему зависимость младшешкольникоы от гаджетов,1,0,0.0000,9.00,top_10,growth_zone
2026-03-13,лечение компьютерной игровой зависимости v-gotlib.ru,1,0,0.0000,12.00,below_10,other
2026-03-13,лагерь программирование,1,0,0.0000,11.00,below_10,other
2026-03-13,лагеря на август,1,0,0.0000,3.00,top_3,other
2026-03-13,онлайн лагерь +для детей 2026,1,0,0.0000,3.00,top_3,other
2026-03-13,куда девать детей на летние каникулы,1,0,0.0000,7.00,top_10,growth_zone
2026-03-13,летом для,1,0,0.0000,5.00,top_10,growth_zone
2026-03-13,лагерь на лето на ацтивцамп ру,1,0,0.0000,12.00,below_10,other
2026-03-13,лагерь подмосковья,1,1,1.0000,8.00,top_10,growth_zone
2026-03-13,летний лагерь в школах подмосковья в 2026 году,1,0,0.0000,14.00,below_10,other
2026-03-13,летние лагери для,1,0,0.0000,5.00,top_10,growth_zone
2026-03-13,лагерь с компьютерами,1,0,0.0000,12.00,below_10,other
2026-03-13,лагерь в подмосковье на лето,1,0,0.0000,10.00,top_10,growth_zone
2026-03-13,детский лагерь в подмосковье ит,1,1,1.0000,3.00,top_3,other
2026-03-13,майнкрафт проект на лето! функции. екатеринбург,1,0,0.0000,2.00,top_3,other
2026-03-13,отзывы айдакемп,1,0,0.0000,4.00,top_10,growth_zone
2026-03-13,поверхностность в суждениях подростков,1,0,0.0000,14.00,below_10,other
2026-03-13,лагеря подмосковья 2026,1,0,0.0000,8.00,top_10,growth_zone
2026-03-13,детский лагерь дизайн,1,0,0.0000,6.00,top_10,growth_zone
2026-03-13,советы от зависимости компьютерных игр,1,0,0.0000,2.00,top_3,other
2026-03-13,летние смены 2026,1,0,0.0000,21.00,below_10,other
2026-03-13,приложения для отвлечения подростка от телефона,1,0,0.0000,13.00,below_10,other
2026-03-13,летняя школа по компьютерным наукам цена стоимость,1,0,0.0000,12.00,below_10,other
2026-03-13,летняя айти школа,1,0,0.0000,6.00,top_10,growth_zone
2026-03-13,лагерь для графических дизайнеров,1,1,1.0000,2.00,top_3,other
2026-03-13,лагерь в подмосковье 2026,1,0,0.0000,10.00,top_10,growth_zone
2026-03-13,лечение от зависимости телефона 14 лет,1,0,0.0000,9.00,top_10,growth_zone
2026-03-13,it лагерь для школьников,1,0,0.0000,8.00,top_10,growth_zone
2026-03-13,летний лагерь для старшеклассников электроника,1,0,0.0000,50.00,below_10,other
2026-03-13,minecraft заведение для детей,1,1,1.0000,1.00,top_3,other
2026-03-13,лагерь для подростков компьютерный,1,0,0.0000,8.00,top_10,growth_zone
2026-03-13,в чем проблема общения современной молодежи,1,0,0.0000,12.00,below_10,other
2026-03-13,программа летнего лагеря программирования,1,1,1.0000,3.00,top_3,other
2026-03-13,летний лагерь майнкрафт тверь,1,0,0.0000,4.00,top_10,growth_zone
2026-03-13,компьютеры лагерь,1,0,0.0000,4.00,top_10,growth_zone
2026-03-13,есть способ преодолеть тяжёлую зависимость от телефона подросток 15 лет если уфа,1,1,1.0000,5.00,top_10,growth_zone
2026-03-13,памятки для родителей куда сводить детей летом,1,1,1.0000,1.00,top_3,other
2026-03-13,летний лагерь для программирования,1,0,0.0000,1.00,top_3,other
2026-03-13,айда кодить рублевское шоссе,1,0,0.0000,7.00,top_10,growth_zone
2026-03-13,лагерь телефона,1,0,0.0000,6.00,top_10,growth_zone
2026-03-13,детский лагерь с программированием,1,0,0.0000,7.00,top_10,growth_zone
2026-03-13,летний образовательный лагерь с лицензией,1,0,0.0000,11.00,below_10,other
2026-03-13,aidacamp,1,1,1.0000,1.00,top_3,other
2026-03-13,«айдакемп»,1,1,1.0000,1.00,top_3,other
2026-03-13,летние каникулы время для досуга отдыха и,1,0,0.0000,10.00,top_10,growth_zone
2026-03-13,пк лагерь,1,0,0.0000,8.00,top_10,growth_zone
2026-03-13,как красиво описать летний лагерь посвященный гейм крафт,1,1,1.0000,2.00,top_3,other
2026-03-13,лагерь с компамиэлектрт,1,0,0.0000,9.00,top_10,growth_zone
2026-03-13,летние смены по информатике и программированию,1,0,0.0000,7.00,top_10,growth_zone
2026-03-13,летняя школа для подростков,1,0,0.0000,5.00,top_10,growth_zone
2026-03-13,летние школы для детей с 8 лет уклон it,1,0,0.0000,12.00,below_10,other
2026-03-13,летний айти лагерь картинка,1,0,0.0000,6.00,top_10,growth_zone
2026-03-13,лагерь 2026 лето,1,0,0.0000,8.00,top_10,growth_zone
2026-03-13,лагерь с компами,1,0,0.0000,4.00,top_10,growth_zone
2026-03-13,методы снижения негативного влияния гаджетов на детей,1,0,0.0000,12.00,below_10,other
2026-03-13,в чем отличие летней компьютерной школы от летнего компьютерного лагеря,1,0,0.0000,13.00,below_10,other
2026-03-13,ай да кэмп,1,1,1.0000,1.00,top_3,other
2026-03-13,летний образовательный лагерь подмосковье,1,0,0.0000,9.00,top_10,growth_zone
2026-03-13,детский отдых 2025 лагерь,1,0,0.0000,5.00,top_10,growth_zone
2026-03-13,как побороть зависимость использовать читы в играх голосу санкт-петербург,1,1,1.0000,5.00,top_10,growth_zone
2026-03-13,кэмп ит,1,0,0.0000,11.00,below_10,other
2026-03-13,летний лагерь а,1,0,0.0000,8.00,top_10,growth_zone
2026-03-13,методы лечения зависимости от компьютерных игр,1,0,0.0000,9.00,top_10,growth_zone
2026-03-13,подростки с телефоном ведут себя как,1,0,0.0000,7.00,top_10,growth_zone
2026-03-13,7729713637,1,0,0.0000,7.00,top_10,growth_zone
2026-03-13,детские лагеря подмосковья 2026,1,0,0.0000,23.00,below_10,other
2026-03-13,летний дневной it лагерь для детей в одинцово,1,0,0.0000,13.00,below_10,other
2026-03-13,баги игры minecraft лагеря альтруистов жертвы киров,1,0,0.0000,7.00,top_10,growth_zone
2026-03-13,летние it лагеря,1,0,0.0000,19.00,below_10,other
2026-03-13,вместимость лагеря «айдакемп»,1,0,0.0000,2.00,top_3,other
2026-03-13,лечение завлечение зависимости от компьютерных игр твой наркологисимости от компьютерных игр,1,0,0.0000,5.00,top_10,growth_zone
2026-03-13,можно подростка вылечить от телефона чтоб не сошел с ума,1,0,0.0000,9.00,top_10,growth_zone
2026-03-13,зависимость от интернет игр,1,0,0.0000,10.00,top_10,growth_zone
2026-03-13,борьба с зависимостью от компьютера,1,0,0.0000,7.00,top_10,growth_zone
2026-03-13,летние лагеря для студентов 2026 год,1,0,0.0000,12.00,below_10,other
2026-03-13,организация дарит детям подарки на нг,1,0,0.0000,4.00,top_10,growth_zone
2026-03-13,летний лагерь дизайна для детей,1,0,0.0000,9.00,top_10,growth_zone
2026-03-13,детский летний лагерь москва,1,1,1.0000,31.00,below_10,other
2026-03-13,айде кемп,1,0,0.0000,1.00,top_3,other
2026-03-13,летний компьютерный лагерь в подмосковье 2026,1,0,0.0000,1.00,top_3,other
2026-03-13,летние образовательные курсы по информатике,1,0,0.0000,6.00,top_10,growth_zone
2026-03-13,преодоление психологических барьеров у подростков в общении со сверстниками ( стороженко с. н. ),1,0,0.0000,6.00,top_10,growth_zone
2026-03-13,одим пады лагерь,1,0,0.0000,7.00,top_10,growth_zone
